case_id,policy,t,wealth,goal_action,goal_take_decision,portfolio_action,portfolio_index
20,dp,1,0.0,0.0,0,0.03333333333333333,0
20,greedy,1,0.0,0.0,0,0.5,7
20,dp,1,33.3333333333,0.0,0,0.9666666666666667,14
20,greedy,1,33.3333333333,0.0,0,0.5,7
20,dp,1,66.6666666667,0.0,0,0.9666666666666667,14
20,greedy,1,66.6666666667,0.0,0,0.5,7
20,dp,1,75.0,0.0,0,0.9666666666666667,14
20,greedy,1,75.0,0.0,0,0.5,7
20,dp,1,100.0,0.0,0,0.9666666666666667,14
20,greedy,1,100.0,0.0,0,0.5,7
20,dp,1,133.3333333333,0.0,0,0.9666666666666667,14
20,greedy,1,133.3333333333,0.0,0,0.5,7
20,dp,1,166.6666666667,0.0,0,0.9666666666666667,14
20,greedy,1,166.6666666667,0.0,0,0.5,7
20,dp,1,200.0,0.0,0,0.9666666666666667,14
20,greedy,1,200.0,0.0,0,0.5,7
20,dp,1,233.3333333333,0.0,0,0.9666666666666667,14
20,greedy,1,233.3333333333,0.0,0,0.5,7
20,dp,1,266.6666666667,0.0,0,0.9666666666666667,14
20,greedy,1,266.6666666667,0.0,0,0.5,7
20,dp,1,300.0,0.0,0,0.9666666666666667,14
20,greedy,1,300.0,0.0,0,0.5,7
20,dp,1,333.3333333333,0.0,0,0.9666666666666667,14
20,greedy,1,333.3333333333,0.0,0,0.5,7
20,dp,1,366.6666666667,0.0,0,0.9666666666666667,14
20,greedy,1,366.6666666667,0.0,0,0.5,7
20,dp,1,400.0,0.0,0,0.8333333333333334,12
20,greedy,1,400.0,0.0,0,0.5,7
20,dp,1,433.3333333333,0.0,0,0.6333333333333333,9
20,greedy,1,433.3333333333,0.0,0,0.5,7
20,dp,1,466.6666666667,0.0,0,0.5666666666666667,8
20,greedy,1,466.6666666667,0.0,0,0.5,7
20,dp,1,500.0,0.0,0,0.5,7
20,greedy,1,500.0,0.0,0,0.5,7
20,dp,1,533.3333333333,0.0,0,0.36666666666666664,5
20,greedy,1,533.3333333333,0.0,0,0.5,7
20,dp,1,566.6666666667,0.0,0,0.3,4
20,greedy,1,566.6666666667,0.0,0,0.5,7
20,dp,1,600.0,0.0,0,0.23333333333333334,3
20,greedy,1,600.0,0.0,0,0.5,7
20,dp,1,633.3333333333,0.0,0,0.16666666666666666,2
20,greedy,1,633.3333333333,0.0,0,0.5,7
20,dp,1,666.6666666667,0.0,0,0.1,1
20,greedy,1,666.6666666667,0.0,0,0.5,7
20,dp,1,700.0,0.0,0,0.1,1
20,greedy,1,700.0,0.0,0,0.5,7
20,dp,1,733.3333333333,0.0,0,0.1,1
20,greedy,1,733.3333333333,0.0,0,0.5,7
20,dp,1,766.6666666667,0.0,0,0.1,1
20,greedy,1,766.6666666667,0.0,0,0.5,7
20,dp,1,800.0,0.0,0,0.03333333333333333,0
20,greedy,1,800.0,0.0,0,0.5,7
20,dp,1,833.3333333333,0.0,0,0.03333333333333333,0
20,greedy,1,833.3333333333,0.0,0,0.5,7
20,dp,1,866.6666666667,0.0,0,0.03333333333333333,0
20,greedy,1,866.6666666667,0.0,0,0.5,7
20,dp,1,900.0,0.0,0,0.03333333333333333,0
20,greedy,1,900.0,0.0,0,0.5,7
20,dp,1,933.3333333333,0.0,0,0.03333333333333333,0
20,greedy,1,933.3333333333,0.0,0,0.5,7
20,dp,1,966.6666666667,0.0,0,0.03333333333333333,0
20,greedy,1,966.6666666667,0.0,0,0.5,7
20,dp,1,1000.0,0.0,0,0.03333333333333333,0
20,greedy,1,1000.0,0.0,0,0.5,7
20,dp,1,1033.6380498308,0.0,0,0.03333333333333333,0
20,greedy,1,1033.6380498308,0.0,0,0.5,7
20,dp,1,1068.407618058,0.0,0,0.03333333333333333,0
20,greedy,1,1068.407618058,0.0,0,0.5,7
20,dp,1,1104.3467667538,0.0,0,0.03333333333333333,0
20,greedy,1,1104.3467667538,0.0,0,0.5,7
20,dp,1,1141.4948383243,0.0,0,0.03333333333333333,0
20,greedy,1,1141.4948383243,0.0,0,0.5,7
20,dp,1,1179.8924985774,0.0,0,0.03333333333333333,0
20,greedy,1,1179.8924985774,0.0,0,0.5,7
20,dp,1,1219.5817812395,0.0,0,0.03333333333333333,0
20,greedy,1,1219.5817812395,0.0,0,0.5,7
20,dp,1,1260.6061339695,0.0,0,0.03333333333333333,0
20,greedy,1,1260.6061339695,0.0,0,0.5,7
20,dp,1,1303.010465921,0.0,0,0.03333333333333333,0
20,greedy,1,1303.010465921,0.0,0,0.5,7
20,dp,1,1346.8411969036,0.0,0,0.03333333333333333,0
20,greedy,1,1346.8411969036,0.0,0,0.5,7
20,dp,1,1392.1463081992,0.0,0,0.03333333333333333,0
20,greedy,1,1392.1463081992,0.0,0,0.5,7
20,dp,1,1438.9753950861,0.0,0,0.03333333333333333,0
20,greedy,1,1438.9753950861,0.0,0,0.5,7
20,dp,1,1487.3797211313,0.0,0,0.03333333333333333,0
20,greedy,1,1487.3797211313,0.0,0,0.5,7
20,dp,1,1537.412274308,0.0,0,0.03333333333333333,0
20,greedy,1,1537.412274308,0.0,0,0.5,7
20,dp,1,1589.1278250016,0.0,0,0.03333333333333333,0
20,greedy,1,1589.1278250016,0.0,0,0.5,7
20,dp,1,1642.5829859665,0.0,0,0.03333333333333333,0
20,greedy,1,1642.5829859665,0.0,0,0.5,7
20,dp,1,1697.8362742996,0.0,0,0.03333333333333333,0
20,greedy,1,1697.8362742996,0.0,0,0.5,7
20,dp,1,1754.948175499,0.0,0,0.03333333333333333,0
20,greedy,1,1754.948175499,0.0,0,0.5,7
20,dp,1,1813.9812096768,0.0,0,0.03333333333333333,0
20,greedy,1,1813.9812096768,0.0,0,0.5,7
20,dp,1,1875.0,0.0,0,0.03333333333333333,0
20,greedy,1,1875.0,0.0,0,0.5,7
20,dp,2,0.0,0.0,0,0.03333333333333333,0
20,greedy,2,0.0,0.0,0,0.5,7
20,dp,2,33.3333333333,0.0,0,0.9666666666666667,14
20,greedy,2,33.3333333333,0.0,0,0.5,7
20,dp,2,66.6666666667,0.0,0,0.9666666666666667,14
20,greedy,2,66.6666666667,0.0,0,0.5,7
20,dp,2,75.0,0.0,0,0.9666666666666667,14
20,greedy,2,75.0,1.0,1,0.5,7
20,dp,2,100.0,0.0,0,0.9666666666666667,14
20,greedy,2,100.0,1.0,1,0.5,7
20,dp,2,133.3333333333,0.0,0,0.9666666666666667,14
20,greedy,2,133.3333333333,1.0,1,0.5,7
20,dp,2,166.6666666667,0.0,0,0.9666666666666667,14
20,greedy,2,166.6666666667,1.0,1,0.5,7
20,dp,2,200.0,0.0,0,0.9666666666666667,14
20,greedy,2,200.0,1.0,1,0.5,7
20,dp,2,233.3333333333,0.0,0,0.9666666666666667,14
20,greedy,2,233.3333333333,1.0,1,0.5,7
20,dp,2,266.6666666667,0.0,0,0.9666666666666667,14
20,greedy,2,266.6666666667,1.0,1,0.5,7
20,dp,2,300.0,0.0,0,0.9666666666666667,14
20,greedy,2,300.0,1.0,1,0.5,7
20,dp,2,333.3333333333,1.0,1,0.9666666666666667,14
20,greedy,2,333.3333333333,1.0,1,0.5,7
20,dp,2,366.6666666667,1.0,1,0.9666666666666667,14
20,greedy,2,366.6666666667,1.0,1,0.5,7
20,dp,2,400.0,1.0,1,0.9,13
20,greedy,2,400.0,1.0,1,0.5,7
20,dp,2,433.3333333333,1.0,1,0.8333333333333334,12
20,greedy,2,433.3333333333,1.0,1,0.5,7
20,dp,2,466.6666666667,1.0,1,0.7,10
20,greedy,2,466.6666666667,1.0,1,0.5,7
20,dp,2,500.0,1.0,1,0.5666666666666667,8
20,greedy,2,500.0,1.0,1,0.5,7
20,dp,2,533.3333333333,1.0,1,0.43333333333333335,6
20,greedy,2,533.3333333333,1.0,1,0.5,7
20,dp,2,566.6666666667,1.0,1,0.36666666666666664,5
20,greedy,2,566.6666666667,1.0,1,0.5,7
20,dp,2,600.0,1.0,1,0.23333333333333334,3
20,greedy,2,600.0,1.0,1,0.5,7
20,dp,2,633.3333333333,1.0,1,0.16666666666666666,2
20,greedy,2,633.3333333333,1.0,1,0.5,7
20,dp,2,666.6666666667,1.0,1,0.16666666666666666,2
20,greedy,2,666.6666666667,1.0,1,0.5,7
20,dp,2,700.0,1.0,1,0.1,1
20,greedy,2,700.0,1.0,1,0.5,7
20,dp,2,733.3333333333,1.0,1,0.1,1
20,greedy,2,733.3333333333,1.0,1,0.5,7
20,dp,2,766.6666666667,1.0,1,0.1,1
20,greedy,2,766.6666666667,1.0,1,0.5,7
20,dp,2,800.0,1.0,1,0.03333333333333333,0
20,greedy,2,800.0,1.0,1,0.5,7
20,dp,2,833.3333333333,1.0,1,0.03333333333333333,0
20,greedy,2,833.3333333333,1.0,1,0.5,7
20,dp,2,866.6666666667,1.0,1,0.03333333333333333,0
20,greedy,2,866.6666666667,1.0,1,0.5,7
20,dp,2,900.0,1.0,1,0.03333333333333333,0
20,greedy,2,900.0,1.0,1,0.5,7
20,dp,2,933.3333333333,1.0,1,0.03333333333333333,0
20,greedy,2,933.3333333333,1.0,1,0.5,7
20,dp,2,966.6666666667,1.0,1,0.03333333333333333,0
20,greedy,2,966.6666666667,1.0,1,0.5,7
20,dp,2,1000.0,1.0,1,0.03333333333333333,0
20,greedy,2,1000.0,1.0,1,0.5,7
20,dp,2,1033.6380498308,1.0,1,0.03333333333333333,0
20,greedy,2,1033.6380498308,1.0,1,0.5,7
20,dp,2,1068.407618058,1.0,1,0.03333333333333333,0
20,greedy,2,1068.407618058,1.0,1,0.5,7
20,dp,2,1104.3467667538,1.0,1,0.03333333333333333,0
20,greedy,2,1104.3467667538,1.0,1,0.5,7
20,dp,2,1141.4948383243,1.0,1,0.03333333333333333,0
20,greedy,2,1141.4948383243,1.0,1,0.5,7
20,dp,2,1179.8924985774,1.0,1,0.03333333333333333,0
20,greedy,2,1179.8924985774,1.0,1,0.5,7
20,dp,2,1219.5817812395,1.0,1,0.03333333333333333,0
20,greedy,2,1219.5817812395,1.0,1,0.5,7
20,dp,2,1260.6061339695,1.0,1,0.03333333333333333,0
20,greedy,2,1260.6061339695,1.0,1,0.5,7
20,dp,2,1303.010465921,1.0,1,0.03333333333333333,0
20,greedy,2,1303.010465921,1.0,1,0.5,7
20,dp,2,1346.8411969036,1.0,1,0.03333333333333333,0
20,greedy,2,1346.8411969036,1.0,1,0.5,7
20,dp,2,1392.1463081992,1.0,1,0.03333333333333333,0
20,greedy,2,1392.1463081992,1.0,1,0.5,7
20,dp,2,1438.9753950861,1.0,1,0.03333333333333333,0
20,greedy,2,1438.9753950861,1.0,1,0.5,7
20,dp,2,1487.3797211313,1.0,1,0.03333333333333333,0
20,greedy,2,1487.3797211313,1.0,1,0.5,7
20,dp,2,1537.412274308,1.0,1,0.03333333333333333,0
20,greedy,2,1537.412274308,1.0,1,0.5,7
20,dp,2,1589.1278250016,1.0,1,0.03333333333333333,0
20,greedy,2,1589.1278250016,1.0,1,0.5,7
20,dp,2,1642.5829859665,1.0,1,0.03333333333333333,0
20,greedy,2,1642.5829859665,1.0,1,0.5,7
20,dp,2,1697.8362742996,1.0,1,0.03333333333333333,0
20,greedy,2,1697.8362742996,1.0,1,0.5,7
20,dp,2,1754.948175499,1.0,1,0.03333333333333333,0
20,greedy,2,1754.948175499,1.0,1,0.5,7
20,dp,2,1813.9812096768,1.0,1,0.03333333333333333,0
20,greedy,2,1813.9812096768,1.0,1,0.5,7
20,dp,2,1875.0,1.0,1,0.03333333333333333,0
20,greedy,2,1875.0,1.0,1,0.5,7
20,dp,3,0.0,0.0,0,0.03333333333333333,0
20,greedy,3,0.0,0.0,0,0.5,7
20,dp,3,33.3333333333,0.0,0,0.9666666666666667,14
20,greedy,3,33.3333333333,0.0,0,0.5,7
20,dp,3,66.6666666667,0.0,0,0.9666666666666667,14
20,greedy,3,66.6666666667,0.0,0,0.5,7
20,dp,3,75.0,0.0,0,0.9666666666666667,14
20,greedy,3,75.0,0.0,0,0.5,7
20,dp,3,100.0,0.0,0,0.9666666666666667,14
20,greedy,3,100.0,0.0,0,0.5,7
20,dp,3,133.3333333333,0.0,0,0.9666666666666667,14
20,greedy,3,133.3333333333,0.0,0,0.5,7
20,dp,3,166.6666666667,0.0,0,0.9666666666666667,14
20,greedy,3,166.6666666667,0.0,0,0.5,7
20,dp,3,200.0,0.0,0,0.9666666666666667,14
20,greedy,3,200.0,0.0,0,0.5,7
20,dp,3,233.3333333333,0.0,0,0.9666666666666667,14
20,greedy,3,233.3333333333,0.0,0,0.5,7
20,dp,3,266.6666666667,0.0,0,0.9666666666666667,14
20,greedy,3,266.6666666667,0.0,0,0.5,7
20,dp,3,300.0,0.0,0,0.9666666666666667,14
20,greedy,3,300.0,0.0,0,0.5,7
20,dp,3,333.3333333333,0.0,0,0.9666666666666667,14
20,greedy,3,333.3333333333,0.0,0,0.5,7
20,dp,3,366.6666666667,0.0,0,0.9,13
20,greedy,3,366.6666666667,0.0,0,0.5,7
20,dp,3,400.0,0.0,0,0.7,10
20,greedy,3,400.0,0.0,0,0.5,7
20,dp,3,433.3333333333,0.0,0,0.5666666666666667,8
20,greedy,3,433.3333333333,0.0,0,0.5,7
20,dp,3,466.6666666667,0.0,0,0.43333333333333335,6
20,greedy,3,466.6666666667,0.0,0,0.5,7
20,dp,3,500.0,0.0,0,0.36666666666666664,5
20,greedy,3,500.0,0.0,0,0.5,7
20,dp,3,533.3333333333,0.0,0,0.23333333333333334,3
20,greedy,3,533.3333333333,0.0,0,0.5,7
20,dp,3,566.6666666667,0.0,0,0.16666666666666666,2
20,greedy,3,566.6666666667,0.0,0,0.5,7
20,dp,3,600.0,0.0,0,0.16666666666666666,2
20,greedy,3,600.0,0.0,0,0.5,7
20,dp,3,633.3333333333,0.0,0,0.1,1
20,greedy,3,633.3333333333,0.0,0,0.5,7
20,dp,3,666.6666666667,0.0,0,0.1,1
20,greedy,3,666.6666666667,0.0,0,0.5,7
20,dp,3,700.0,0.0,0,0.1,1
20,greedy,3,700.0,0.0,0,0.5,7
20,dp,3,733.3333333333,0.0,0,0.03333333333333333,0
20,greedy,3,733.3333333333,0.0,0,0.5,7
20,dp,3,766.6666666667,0.0,0,0.03333333333333333,0
20,greedy,3,766.6666666667,0.0,0,0.5,7
20,dp,3,800.0,0.0,0,0.03333333333333333,0
20,greedy,3,800.0,0.0,0,0.5,7
20,dp,3,833.3333333333,0.0,0,0.03333333333333333,0
20,greedy,3,833.3333333333,0.0,0,0.5,7
20,dp,3,866.6666666667,0.0,0,0.03333333333333333,0
20,greedy,3,866.6666666667,0.0,0,0.5,7
20,dp,3,900.0,0.0,0,0.03333333333333333,0
20,greedy,3,900.0,0.0,0,0.5,7
20,dp,3,933.3333333333,0.0,0,0.03333333333333333,0
20,greedy,3,933.3333333333,0.0,0,0.5,7
20,dp,3,966.6666666667,0.0,0,0.03333333333333333,0
20,greedy,3,966.6666666667,0.0,0,0.5,7
20,dp,3,1000.0,0.0,0,0.03333333333333333,0
20,greedy,3,1000.0,0.0,0,0.5,7
20,dp,3,1033.6380498308,0.0,0,0.03333333333333333,0
20,greedy,3,1033.6380498308,0.0,0,0.5,7
20,dp,3,1068.407618058,0.0,0,0.03333333333333333,0
20,greedy,3,1068.407618058,0.0,0,0.5,7
20,dp,3,1104.3467667538,0.0,0,0.03333333333333333,0
20,greedy,3,1104.3467667538,0.0,0,0.5,7
20,dp,3,1141.4948383243,0.0,0,0.03333333333333333,0
20,greedy,3,1141.4948383243,0.0,0,0.5,7
20,dp,3,1179.8924985774,0.0,0,0.03333333333333333,0
20,greedy,3,1179.8924985774,0.0,0,0.5,7
20,dp,3,1219.5817812395,0.0,0,0.03333333333333333,0
20,greedy,3,1219.5817812395,0.0,0,0.5,7
20,dp,3,1260.6061339695,0.0,0,0.03333333333333333,0
20,greedy,3,1260.6061339695,0.0,0,0.5,7
20,dp,3,1303.010465921,0.0,0,0.03333333333333333,0
20,greedy,3,1303.010465921,0.0,0,0.5,7
20,dp,3,1346.8411969036,0.0,0,0.03333333333333333,0
20,greedy,3,1346.8411969036,0.0,0,0.5,7
20,dp,3,1392.1463081992,0.0,0,0.03333333333333333,0
20,greedy,3,1392.1463081992,0.0,0,0.5,7
20,dp,3,1438.9753950861,0.0,0,0.03333333333333333,0
20,greedy,3,1438.9753950861,0.0,0,0.5,7
20,dp,3,1487.3797211313,0.0,0,0.03333333333333333,0
20,greedy,3,1487.3797211313,0.0,0,0.5,7
20,dp,3,1537.412274308,0.0,0,0.03333333333333333,0
20,greedy,3,1537.412274308,0.0,0,0.5,7
20,dp,3,1589.1278250016,0.0,0,0.03333333333333333,0
20,greedy,3,1589.1278250016,0.0,0,0.5,7
20,dp,3,1642.5829859665,0.0,0,0.03333333333333333,0
20,greedy,3,1642.5829859665,0.0,0,0.5,7
20,dp,3,1697.8362742996,0.0,0,0.03333333333333333,0
20,greedy,3,1697.8362742996,0.0,0,0.5,7
20,dp,3,1754.948175499,0.0,0,0.03333333333333333,0
20,greedy,3,1754.948175499,0.0,0,0.5,7
20,dp,3,1813.9812096768,0.0,0,0.03333333333333333,0
20,greedy,3,1813.9812096768,0.0,0,0.5,7
20,dp,3,1875.0,0.0,0,0.03333333333333333,0
20,greedy,3,1875.0,0.0,0,0.5,7
20,dp,4,0.0,0.0,0,0.03333333333333333,0
20,greedy,4,0.0,0.0,0,0.5,7
20,dp,4,33.3333333333,0.0,0,0.9666666666666667,14
20,greedy,4,33.3333333333,0.0,0,0.5,7
20,dp,4,66.6666666667,0.0,0,0.9666666666666667,14
20,greedy,4,66.6666666667,0.0,0,0.5,7
20,dp,4,75.0,0.0,0,0.9666666666666667,14
20,greedy,4,75.0,1.0,1,0.5,7
20,dp,4,100.0,0.0,0,0.9666666666666667,14
20,greedy,4,100.0,1.0,1,0.5,7
20,dp,4,133.3333333333,0.0,0,0.9666666666666667,14
20,greedy,4,133.3333333333,1.0,1,0.5,7
20,dp,4,166.6666666667,0.0,0,0.9666666666666667,14
20,greedy,4,166.6666666667,1.0,1,0.5,7
20,dp,4,200.0,0.0,0,0.9666666666666667,14
20,greedy,4,200.0,1.0,1,0.5,7
20,dp,4,233.3333333333,0.0,0,0.9666666666666667,14
20,greedy,4,233.3333333333,1.0,1,0.5,7
20,dp,4,266.6666666667,0.0,0,0.9666666666666667,14
20,greedy,4,266.6666666667,1.0,1,0.5,7
20,dp,4,300.0,1.0,1,0.9666666666666667,14
20,greedy,4,300.0,1.0,1,0.5,7
20,dp,4,333.3333333333,1.0,1,0.9666666666666667,14
20,greedy,4,333.3333333333,1.0,1,0.5,7
20,dp,4,366.6666666667,1.0,1,0.9666666666666667,14
20,greedy,4,366.6666666667,1.0,1,0.5,7
20,dp,4,400.0,1.0,1,0.9,13
20,greedy,4,400.0,1.0,1,0.5,7
20,dp,4,433.3333333333,1.0,1,0.7,10
20,greedy,4,433.3333333333,1.0,1,0.5,7
20,dp,4,466.6666666667,1.0,1,0.5666666666666667,8
20,greedy,4,466.6666666667,1.0,1,0.5,7
20,dp,4,500.0,1.0,1,0.43333333333333335,6
20,greedy,4,500.0,1.0,1,0.5,7
20,dp,4,533.3333333333,1.0,1,0.3,4
20,greedy,4,533.3333333333,1.0,1,0.5,7
20,dp,4,566.6666666667,1.0,1,0.23333333333333334,3
20,greedy,4,566.6666666667,1.0,1,0.5,7
20,dp,4,600.0,1.0,1,0.16666666666666666,2
20,greedy,4,600.0,1.0,1,0.5,7
20,dp,4,633.3333333333,1.0,1,0.1,1
20,greedy,4,633.3333333333,1.0,1,0.5,7
20,dp,4,666.6666666667,1.0,1,0.1,1
20,greedy,4,666.6666666667,1.0,1,0.5,7
20,dp,4,700.0,1.0,1,0.1,1
20,greedy,4,700.0,1.0,1,0.5,7
20,dp,4,733.3333333333,1.0,1,0.03333333333333333,0
20,greedy,4,733.3333333333,1.0,1,0.5,7
20,dp,4,766.6666666667,1.0,1,0.03333333333333333,0
20,greedy,4,766.6666666667,1.0,1,0.5,7
20,dp,4,800.0,1.0,1,0.03333333333333333,0
20,greedy,4,800.0,1.0,1,0.5,7
20,dp,4,833.3333333333,1.0,1,0.03333333333333333,0
20,greedy,4,833.3333333333,1.0,1,0.5,7
20,dp,4,866.6666666667,1.0,1,0.03333333333333333,0
20,greedy,4,866.6666666667,1.0,1,0.5,7
20,dp,4,900.0,1.0,1,0.03333333333333333,0
20,greedy,4,900.0,1.0,1,0.5,7
20,dp,4,933.3333333333,1.0,1,0.03333333333333333,0
20,greedy,4,933.3333333333,1.0,1,0.5,7
20,dp,4,966.6666666667,1.0,1,0.03333333333333333,0
20,greedy,4,966.6666666667,1.0,1,0.5,7
20,dp,4,1000.0,1.0,1,0.03333333333333333,0
20,greedy,4,1000.0,1.0,1,0.5,7
20,dp,4,1033.6380498308,1.0,1,0.03333333333333333,0
20,greedy,4,1033.6380498308,1.0,1,0.5,7
20,dp,4,1068.407618058,1.0,1,0.03333333333333333,0
20,greedy,4,1068.407618058,1.0,1,0.5,7
20,dp,4,1104.3467667538,1.0,1,0.03333333333333333,0
20,greedy,4,1104.3467667538,1.0,1,0.5,7
20,dp,4,1141.4948383243,1.0,1,0.03333333333333333,0
20,greedy,4,1141.4948383243,1.0,1,0.5,7
20,dp,4,1179.8924985774,1.0,1,0.03333333333333333,0
20,greedy,4,1179.8924985774,1.0,1,0.5,7
20,dp,4,1219.5817812395,1.0,1,0.03333333333333333,0
20,greedy,4,1219.5817812395,1.0,1,0.5,7
20,dp,4,1260.6061339695,1.0,1,0.03333333333333333,0
20,greedy,4,1260.6061339695,1.0,1,0.5,7
20,dp,4,1303.010465921,1.0,1,0.03333333333333333,0
20,greedy,4,1303.010465921,1.0,1,0.5,7
20,dp,4,1346.8411969036,1.0,1,0.03333333333333333,0
20,greedy,4,1346.8411969036,1.0,1,0.5,7
20,dp,4,1392.1463081992,1.0,1,0.03333333333333333,0
20,greedy,4,1392.1463081992,1.0,1,0.5,7
20,dp,4,1438.9753950861,1.0,1,0.03333333333333333,0
20,greedy,4,1438.9753950861,1.0,1,0.5,7
20,dp,4,1487.3797211313,1.0,1,0.03333333333333333,0
20,greedy,4,1487.3797211313,1.0,1,0.5,7
20,dp,4,1537.412274308,1.0,1,0.03333333333333333,0
20,greedy,4,1537.412274308,1.0,1,0.5,7
20,dp,4,1589.1278250016,1.0,1,0.03333333333333333,0
20,greedy,4,1589.1278250016,1.0,1,0.5,7
20,dp,4,1642.5829859665,1.0,1,0.03333333333333333,0
20,greedy,4,1642.5829859665,1.0,1,0.5,7
20,dp,4,1697.8362742996,1.0,1,0.03333333333333333,0
20,greedy,4,1697.8362742996,1.0,1,0.5,7
20,dp,4,1754.948175499,1.0,1,0.03333333333333333,0
20,greedy,4,1754.948175499,1.0,1,0.5,7
20,dp,4,1813.9812096768,1.0,1,0.03333333333333333,0
20,greedy,4,1813.9812096768,1.0,1,0.5,7
20,dp,4,1875.0,1.0,1,0.03333333333333333,0
20,greedy,4,1875.0,1.0,1,0.5,7
20,dp,5,0.0,0.0,0,0.03333333333333333,0
20,greedy,5,0.0,0.0,0,0.5,7
20,dp,5,33.3333333333,0.0,0,0.9666666666666667,14
20,greedy,5,33.3333333333,0.0,0,0.5,7
20,dp,5,66.6666666667,0.0,0,0.9666666666666667,14
20,greedy,5,66.6666666667,0.0,0,0.5,7
20,dp,5,75.0,0.0,0,0.9666666666666667,14
20,greedy,5,75.0,0.0,0,0.5,7
20,dp,5,100.0,0.0,0,0.9666666666666667,14
20,greedy,5,100.0,0.0,0,0.5,7
20,dp,5,133.3333333333,0.0,0,0.9666666666666667,14
20,greedy,5,133.3333333333,0.0,0,0.5,7
20,dp,5,166.6666666667,0.0,0,0.9666666666666667,14
20,greedy,5,166.6666666667,0.0,0,0.5,7
20,dp,5,200.0,0.0,0,0.9666666666666667,14
20,greedy,5,200.0,0.0,0,0.5,7
20,dp,5,233.3333333333,0.0,0,0.9666666666666667,14
20,greedy,5,233.3333333333,0.0,0,0.5,7
20,dp,5,266.6666666667,0.0,0,0.9666666666666667,14
20,greedy,5,266.6666666667,0.0,0,0.5,7
20,dp,5,300.0,0.0,0,0.9666666666666667,14
20,greedy,5,300.0,0.0,0,0.5,7
20,dp,5,333.3333333333,0.0,0,0.9,13
20,greedy,5,333.3333333333,0.0,0,0.5,7
20,dp,5,366.6666666667,0.0,0,0.7,10
20,greedy,5,366.6666666667,0.0,0,0.5,7
20,dp,5,400.0,0.0,0,0.5,7
20,greedy,5,400.0,0.0,0,0.5,7
20,dp,5,433.3333333333,0.0,0,0.43333333333333335,6
20,greedy,5,433.3333333333,0.0,0,0.5,7
20,dp,5,466.6666666667,0.0,0,0.3,4
20,greedy,5,466.6666666667,0.0,0,0.5,7
20,dp,5,500.0,0.0,0,0.23333333333333334,3
20,greedy,5,500.0,0.0,0,0.5,7
20,dp,5,533.3333333333,0.0,0,0.16666666666666666,2
20,greedy,5,533.3333333333,0.0,0,0.5,7
20,dp,5,566.6666666667,0.0,0,0.16666666666666666,2
20,greedy,5,566.6666666667,0.0,0,0.5,7
20,dp,5,600.0,0.0,0,0.1,1
20,greedy,5,600.0,0.0,0,0.5,7
20,dp,5,633.3333333333,0.0,0,0.1,1
20,greedy,5,633.3333333333,0.0,0,0.5,7
20,dp,5,666.6666666667,0.0,0,0.03333333333333333,0
20,greedy,5,666.6666666667,0.0,0,0.5,7
20,dp,5,700.0,0.0,0,0.03333333333333333,0
20,greedy,5,700.0,0.0,0,0.5,7
20,dp,5,733.3333333333,0.0,0,0.03333333333333333,0
20,greedy,5,733.3333333333,0.0,0,0.5,7
20,dp,5,766.6666666667,0.0,0,0.03333333333333333,0
20,greedy,5,766.6666666667,0.0,0,0.5,7
20,dp,5,800.0,0.0,0,0.03333333333333333,0
20,greedy,5,800.0,0.0,0,0.5,7
20,dp,5,833.3333333333,0.0,0,0.03333333333333333,0
20,greedy,5,833.3333333333,0.0,0,0.5,7
20,dp,5,866.6666666667,0.0,0,0.03333333333333333,0
20,greedy,5,866.6666666667,0.0,0,0.5,7
20,dp,5,900.0,0.0,0,0.03333333333333333,0
20,greedy,5,900.0,0.0,0,0.5,7
20,dp,5,933.3333333333,0.0,0,0.03333333333333333,0
20,greedy,5,933.3333333333,0.0,0,0.5,7
20,dp,5,966.6666666667,0.0,0,0.03333333333333333,0
20,greedy,5,966.6666666667,0.0,0,0.5,7
20,dp,5,1000.0,0.0,0,0.03333333333333333,0
20,greedy,5,1000.0,0.0,0,0.5,7
20,dp,5,1033.6380498308,0.0,0,0.03333333333333333,0
20,greedy,5,1033.6380498308,0.0,0,0.5,7
20,dp,5,1068.407618058,0.0,0,0.03333333333333333,0
20,greedy,5,1068.407618058,0.0,0,0.5,7
20,dp,5,1104.3467667538,0.0,0,0.03333333333333333,0
20,greedy,5,1104.3467667538,0.0,0,0.5,7
20,dp,5,1141.4948383243,0.0,0,0.03333333333333333,0
20,greedy,5,1141.4948383243,0.0,0,0.5,7
20,dp,5,1179.8924985774,0.0,0,0.03333333333333333,0
20,greedy,5,1179.8924985774,0.0,0,0.5,7
20,dp,5,1219.5817812395,0.0,0,0.03333333333333333,0
20,greedy,5,1219.5817812395,0.0,0,0.5,7
20,dp,5,1260.6061339695,0.0,0,0.03333333333333333,0
20,greedy,5,1260.6061339695,0.0,0,0.5,7
20,dp,5,1303.010465921,0.0,0,0.03333333333333333,0
20,greedy,5,1303.010465921,0.0,0,0.5,7
20,dp,5,1346.8411969036,0.0,0,0.03333333333333333,0
20,greedy,5,1346.8411969036,0.0,0,0.5,7
20,dp,5,1392.1463081992,0.0,0,0.03333333333333333,0
20,greedy,5,1392.1463081992,0.0,0,0.5,7
20,dp,5,1438.9753950861,0.0,0,0.03333333333333333,0
20,greedy,5,1438.9753950861,0.0,0,0.5,7
20,dp,5,1487.3797211313,0.0,0,0.03333333333333333,0
20,greedy,5,1487.3797211313,0.0,0,0.5,7
20,dp,5,1537.412274308,0.0,0,0.03333333333333333,0
20,greedy,5,1537.412274308,0.0,0,0.5,7
20,dp,5,1589.1278250016,0.0,0,0.03333333333333333,0
20,greedy,5,1589.1278250016,0.0,0,0.5,7
20,dp,5,1642.5829859665,0.0,0,0.03333333333333333,0
20,greedy,5,1642.5829859665,0.0,0,0.5,7
20,dp,5,1697.8362742996,0.0,0,0.03333333333333333,0
20,greedy,5,1697.8362742996,0.0,0,0.5,7
20,dp,5,1754.948175499,0.0,0,0.03333333333333333,0
20,greedy,5,1754.948175499,0.0,0,0.5,7
20,dp,5,1813.9812096768,0.0,0,0.03333333333333333,0
20,greedy,5,1813.9812096768,0.0,0,0.5,7
20,dp,5,1875.0,0.0,0,0.03333333333333333,0
20,greedy,5,1875.0,0.0,0,0.5,7
20,dp,6,0.0,0.0,0,0.03333333333333333,0
20,greedy,6,0.0,0.0,0,0.5,7
20,dp,6,33.3333333333,0.0,0,0.9666666666666667,14
20,greedy,6,33.3333333333,0.0,0,0.5,7
20,dp,6,66.6666666667,0.0,0,0.9666666666666667,14
20,greedy,6,66.6666666667,0.0,0,0.5,7
20,dp,6,75.0,0.0,0,0.9666666666666667,14
20,greedy,6,75.0,1.0,1,0.5,7
20,dp,6,100.0,0.0,0,0.9666666666666667,14
20,greedy,6,100.0,1.0,1,0.5,7
20,dp,6,133.3333333333,0.0,0,0.9666666666666667,14
20,greedy,6,133.3333333333,1.0,1,0.5,7
20,dp,6,166.6666666667,0.0,0,0.9666666666666667,14
20,greedy,6,166.6666666667,1.0,1,0.5,7
20,dp,6,200.0,0.0,0,0.9666666666666667,14
20,greedy,6,200.0,1.0,1,0.5,7
20,dp,6,233.3333333333,0.0,0,0.9666666666666667,14
20,greedy,6,233.3333333333,1.0,1,0.5,7
20,dp,6,266.6666666667,0.0,0,0.9666666666666667,14
20,greedy,6,266.6666666667,1.0,1,0.5,7
20,dp,6,300.0,1.0,1,0.9666666666666667,14
20,greedy,6,300.0,1.0,1,0.5,7
20,dp,6,333.3333333333,1.0,1,0.9666666666666667,14
20,greedy,6,333.3333333333,1.0,1,0.5,7
20,dp,6,366.6666666667,1.0,1,0.8333333333333334,12
20,greedy,6,366.6666666667,1.0,1,0.5,7
20,dp,6,400.0,1.0,1,0.7,10
20,greedy,6,400.0,1.0,1,0.5,7
20,dp,6,433.3333333333,1.0,1,0.5666666666666667,8
20,greedy,6,433.3333333333,1.0,1,0.5,7
20,dp,6,466.6666666667,1.0,1,0.36666666666666664,5
20,greedy,6,466.6666666667,1.0,1,0.5,7
20,dp,6,500.0,1.0,1,0.3,4
20,greedy,6,500.0,1.0,1,0.5,7
20,dp,6,533.3333333333,1.0,1,0.16666666666666666,2
20,greedy,6,533.3333333333,1.0,1,0.5,7
20,dp,6,566.6666666667,1.0,1,0.16666666666666666,2
20,greedy,6,566.6666666667,1.0,1,0.5,7
20,dp,6,600.0,1.0,1,0.1,1
20,greedy,6,600.0,1.0,1,0.5,7
20,dp,6,633.3333333333,1.0,1,0.1,1
20,greedy,6,633.3333333333,1.0,1,0.5,7
20,dp,6,666.6666666667,1.0,1,0.03333333333333333,0
20,greedy,6,666.6666666667,1.0,1,0.5,7
20,dp,6,700.0,1.0,1,0.03333333333333333,0
20,greedy,6,700.0,1.0,1,0.5,7
20,dp,6,733.3333333333,1.0,1,0.03333333333333333,0
20,greedy,6,733.3333333333,1.0,1,0.5,7
20,dp,6,766.6666666667,1.0,1,0.03333333333333333,0
20,greedy,6,766.6666666667,1.0,1,0.5,7
20,dp,6,800.0,1.0,1,0.03333333333333333,0
20,greedy,6,800.0,1.0,1,0.5,7
20,dp,6,833.3333333333,1.0,1,0.03333333333333333,0
20,greedy,6,833.3333333333,1.0,1,0.5,7
20,dp,6,866.6666666667,1.0,1,0.03333333333333333,0
20,greedy,6,866.6666666667,1.0,1,0.5,7
20,dp,6,900.0,1.0,1,0.03333333333333333,0
20,greedy,6,900.0,1.0,1,0.5,7
20,dp,6,933.3333333333,1.0,1,0.03333333333333333,0
20,greedy,6,933.3333333333,1.0,1,0.5,7
20,dp,6,966.6666666667,1.0,1,0.03333333333333333,0
20,greedy,6,966.6666666667,1.0,1,0.5,7
20,dp,6,1000.0,1.0,1,0.03333333333333333,0
20,greedy,6,1000.0,1.0,1,0.5,7
20,dp,6,1033.6380498308,1.0,1,0.03333333333333333,0
20,greedy,6,1033.6380498308,1.0,1,0.5,7
20,dp,6,1068.407618058,1.0,1,0.03333333333333333,0
20,greedy,6,1068.407618058,1.0,1,0.5,7
20,dp,6,1104.3467667538,1.0,1,0.03333333333333333,0
20,greedy,6,1104.3467667538,1.0,1,0.5,7
20,dp,6,1141.4948383243,1.0,1,0.03333333333333333,0
20,greedy,6,1141.4948383243,1.0,1,0.5,7
20,dp,6,1179.8924985774,1.0,1,0.03333333333333333,0
20,greedy,6,1179.8924985774,1.0,1,0.5,7
20,dp,6,1219.5817812395,1.0,1,0.03333333333333333,0
20,greedy,6,1219.5817812395,1.0,1,0.5,7
20,dp,6,1260.6061339695,1.0,1,0.03333333333333333,0
20,greedy,6,1260.6061339695,1.0,1,0.5,7
20,dp,6,1303.010465921,1.0,1,0.03333333333333333,0
20,greedy,6,1303.010465921,1.0,1,0.5,7
20,dp,6,1346.8411969036,1.0,1,0.03333333333333333,0
20,greedy,6,1346.8411969036,1.0,1,0.5,7
20,dp,6,1392.1463081992,1.0,1,0.03333333333333333,0
20,greedy,6,1392.1463081992,1.0,1,0.5,7
20,dp,6,1438.9753950861,1.0,1,0.03333333333333333,0
20,greedy,6,1438.9753950861,1.0,1,0.5,7
20,dp,6,1487.3797211313,1.0,1,0.03333333333333333,0
20,greedy,6,1487.3797211313,1.0,1,0.5,7
20,dp,6,1537.412274308,1.0,1,0.03333333333333333,0
20,greedy,6,1537.412274308,1.0,1,0.5,7
20,dp,6,1589.1278250016,1.0,1,0.03333333333333333,0
20,greedy,6,1589.1278250016,1.0,1,0.5,7
20,dp,6,1642.5829859665,1.0,1,0.03333333333333333,0
20,greedy,6,1642.5829859665,1.0,1,0.5,7
20,dp,6,1697.8362742996,1.0,1,0.03333333333333333,0
20,greedy,6,1697.8362742996,1.0,1,0.5,7
20,dp,6,1754.948175499,1.0,1,0.03333333333333333,0
20,greedy,6,1754.948175499,1.0,1,0.5,7
20,dp,6,1813.9812096768,1.0,1,0.03333333333333333,0
20,greedy,6,1813.9812096768,1.0,1,0.5,7
20,dp,6,1875.0,1.0,1,0.03333333333333333,0
20,greedy,6,1875.0,1.0,1,0.5,7
20,dp,7,0.0,0.0,0,0.03333333333333333,0
20,greedy,7,0.0,0.0,0,0.5,7
20,dp,7,33.3333333333,0.0,0,0.9666666666666667,14
20,greedy,7,33.3333333333,0.0,0,0.5,7
20,dp,7,66.6666666667,0.0,0,0.9666666666666667,14
20,greedy,7,66.6666666667,0.0,0,0.5,7
20,dp,7,75.0,0.0,0,0.9666666666666667,14
20,greedy,7,75.0,0.0,0,0.5,7
20,dp,7,100.0,0.0,0,0.9666666666666667,14
20,greedy,7,100.0,0.0,0,0.5,7
20,dp,7,133.3333333333,0.0,0,0.9666666666666667,14
20,greedy,7,133.3333333333,0.0,0,0.5,7
20,dp,7,166.6666666667,0.0,0,0.9666666666666667,14
20,greedy,7,166.6666666667,0.0,0,0.5,7
20,dp,7,200.0,0.0,0,0.9666666666666667,14
20,greedy,7,200.0,0.0,0,0.5,7
20,dp,7,233.3333333333,0.0,0,0.9666666666666667,14
20,greedy,7,233.3333333333,0.0,0,0.5,7
20,dp,7,266.6666666667,0.0,0,0.9666666666666667,14
20,greedy,7,266.6666666667,0.0,0,0.5,7
20,dp,7,300.0,0.0,0,0.9,13
20,greedy,7,300.0,0.0,0,0.5,7
20,dp,7,333.3333333333,0.0,0,0.6333333333333333,9
20,greedy,7,333.3333333333,0.0,0,0.5,7
20,dp,7,366.6666666667,0.0,0,0.5,7
20,greedy,7,366.6666666667,0.0,0,0.5,7
20,dp,7,400.0,0.0,0,0.36666666666666664,5
20,greedy,7,400.0,0.0,0,0.5,7
20,dp,7,433.3333333333,0.0,0,0.23333333333333334,3
20,greedy,7,433.3333333333,0.0,0,0.5,7
20,dp,7,466.6666666667,0.0,0,0.23333333333333334,3
20,greedy,7,466.6666666667,0.0,0,0.5,7
20,dp,7,500.0,0.0,0,0.16666666666666666,2
20,greedy,7,500.0,0.0,0,0.5,7
20,dp,7,533.3333333333,0.0,0,0.1,1
20,greedy,7,533.3333333333,0.0,0,0.5,7
20,dp,7,566.6666666667,0.0,0,0.03333333333333333,0
20,greedy,7,566.6666666667,0.0,0,0.5,7
20,dp,7,600.0,0.0,0,0.03333333333333333,0
20,greedy,7,600.0,0.0,0,0.5,7
20,dp,7,633.3333333333,0.0,0,0.03333333333333333,0
20,greedy,7,633.3333333333,0.0,0,0.5,7
20,dp,7,666.6666666667,0.0,0,0.03333333333333333,0
20,greedy,7,666.6666666667,0.0,0,0.5,7
20,dp,7,700.0,0.0,0,0.03333333333333333,0
20,greedy,7,700.0,0.0,0,0.5,7
20,dp,7,733.3333333333,0.0,0,0.03333333333333333,0
20,greedy,7,733.3333333333,0.0,0,0.5,7
20,dp,7,766.6666666667,0.0,0,0.03333333333333333,0
20,greedy,7,766.6666666667,0.0,0,0.5,7
20,dp,7,800.0,0.0,0,0.03333333333333333,0
20,greedy,7,800.0,0.0,0,0.5,7
20,dp,7,833.3333333333,0.0,0,0.03333333333333333,0
20,greedy,7,833.3333333333,0.0,0,0.5,7
20,dp,7,866.6666666667,0.0,0,0.03333333333333333,0
20,greedy,7,866.6666666667,0.0,0,0.5,7
20,dp,7,900.0,0.0,0,0.03333333333333333,0
20,greedy,7,900.0,0.0,0,0.5,7
20,dp,7,933.3333333333,0.0,0,0.03333333333333333,0
20,greedy,7,933.3333333333,0.0,0,0.5,7
20,dp,7,966.6666666667,0.0,0,0.03333333333333333,0
20,greedy,7,966.6666666667,0.0,0,0.5,7
20,dp,7,1000.0,0.0,0,0.03333333333333333,0
20,greedy,7,1000.0,0.0,0,0.5,7
20,dp,7,1033.6380498308,0.0,0,0.03333333333333333,0
20,greedy,7,1033.6380498308,0.0,0,0.5,7
20,dp,7,1068.407618058,0.0,0,0.03333333333333333,0
20,greedy,7,1068.407618058,0.0,0,0.5,7
20,dp,7,1104.3467667538,0.0,0,0.03333333333333333,0
20,greedy,7,1104.3467667538,0.0,0,0.5,7
20,dp,7,1141.4948383243,0.0,0,0.03333333333333333,0
20,greedy,7,1141.4948383243,0.0,0,0.5,7
20,dp,7,1179.8924985774,0.0,0,0.03333333333333333,0
20,greedy,7,1179.8924985774,0.0,0,0.5,7
20,dp,7,1219.5817812395,0.0,0,0.03333333333333333,0
20,greedy,7,1219.5817812395,0.0,0,0.5,7
20,dp,7,1260.6061339695,0.0,0,0.03333333333333333,0
20,greedy,7,1260.6061339695,0.0,0,0.5,7
20,dp,7,1303.010465921,0.0,0,0.03333333333333333,0
20,greedy,7,1303.010465921,0.0,0,0.5,7
20,dp,7,1346.8411969036,0.0,0,0.03333333333333333,0
20,greedy,7,1346.8411969036,0.0,0,0.5,7
20,dp,7,1392.1463081992,0.0,0,0.03333333333333333,0
20,greedy,7,1392.1463081992,0.0,0,0.5,7
20,dp,7,1438.9753950861,0.0,0,0.03333333333333333,0
20,greedy,7,1438.9753950861,0.0,0,0.5,7
20,dp,7,1487.3797211313,0.0,0,0.03333333333333333,0
20,greedy,7,1487.3797211313,0.0,0,0.5,7
20,dp,7,1537.412274308,0.0,0,0.03333333333333333,0
20,greedy,7,1537.412274308,0.0,0,0.5,7
20,dp,7,1589.1278250016,0.0,0,0.03333333333333333,0
20,greedy,7,1589.1278250016,0.0,0,0.5,7
20,dp,7,1642.5829859665,0.0,0,0.03333333333333333,0
20,greedy,7,1642.5829859665,0.0,0,0.5,7
20,dp,7,1697.8362742996,0.0,0,0.03333333333333333,0
20,greedy,7,1697.8362742996,0.0,0,0.5,7
20,dp,7,1754.948175499,0.0,0,0.03333333333333333,0
20,greedy,7,1754.948175499,0.0,0,0.5,7
20,dp,7,1813.9812096768,0.0,0,0.03333333333333333,0
20,greedy,7,1813.9812096768,0.0,0,0.5,7
20,dp,7,1875.0,0.0,0,0.03333333333333333,0
20,greedy,7,1875.0,0.0,0,0.5,7
20,dp,8,0.0,0.0,0,0.03333333333333333,0
20,greedy,8,0.0,0.0,0,0.5,7
20,dp,8,33.3333333333,0.0,0,0.9666666666666667,14
20,greedy,8,33.3333333333,0.0,0,0.5,7
20,dp,8,66.6666666667,0.0,0,0.9666666666666667,14
20,greedy,8,66.6666666667,0.0,0,0.5,7
20,dp,8,75.0,0.0,0,0.9666666666666667,14
20,greedy,8,75.0,1.0,1,0.5,7
20,dp,8,100.0,0.0,0,0.9666666666666667,14
20,greedy,8,100.0,1.0,1,0.5,7
20,dp,8,133.3333333333,0.0,0,0.9666666666666667,14
20,greedy,8,133.3333333333,1.0,1,0.5,7
20,dp,8,166.6666666667,0.0,0,0.9666666666666667,14
20,greedy,8,166.6666666667,1.0,1,0.5,7
20,dp,8,200.0,0.0,0,0.9666666666666667,14
20,greedy,8,200.0,1.0,1,0.5,7
20,dp,8,233.3333333333,0.0,0,0.9666666666666667,14
20,greedy,8,233.3333333333,1.0,1,0.5,7
20,dp,8,266.6666666667,1.0,1,0.9666666666666667,14
20,greedy,8,266.6666666667,1.0,1,0.5,7
20,dp,8,300.0,1.0,1,0.9666666666666667,14
20,greedy,8,300.0,1.0,1,0.5,7
20,dp,8,333.3333333333,1.0,1,0.9,13
20,greedy,8,333.3333333333,1.0,1,0.5,7
20,dp,8,366.6666666667,1.0,1,0.7666666666666667,11
20,greedy,8,366.6666666667,1.0,1,0.5,7
20,dp,8,400.0,1.0,1,0.5,7
20,greedy,8,400.0,1.0,1,0.5,7
20,dp,8,433.3333333333,1.0,1,0.36666666666666664,5
20,greedy,8,433.3333333333,1.0,1,0.5,7
20,dp,8,466.6666666667,1.0,1,0.23333333333333334,3
20,greedy,8,466.6666666667,1.0,1,0.5,7
20,dp,8,500.0,1.0,1,0.16666666666666666,2
20,greedy,8,500.0,1.0,1,0.5,7
20,dp,8,533.3333333333,1.0,1,0.1,1
20,greedy,8,533.3333333333,1.0,1,0.5,7
20,dp,8,566.6666666667,1.0,1,0.1,1
20,greedy,8,566.6666666667,1.0,1,0.5,7
20,dp,8,600.0,1.0,1,0.03333333333333333,0
20,greedy,8,600.0,1.0,1,0.5,7
20,dp,8,633.3333333333,1.0,1,0.03333333333333333,0
20,greedy,8,633.3333333333,1.0,1,0.5,7
20,dp,8,666.6666666667,1.0,1,0.03333333333333333,0
20,greedy,8,666.6666666667,1.0,1,0.5,7
20,dp,8,700.0,1.0,1,0.03333333333333333,0
20,greedy,8,700.0,1.0,1,0.5,7
20,dp,8,733.3333333333,1.0,1,0.03333333333333333,0
20,greedy,8,733.3333333333,1.0,1,0.5,7
20,dp,8,766.6666666667,1.0,1,0.03333333333333333,0
20,greedy,8,766.6666666667,1.0,1,0.5,7
20,dp,8,800.0,1.0,1,0.03333333333333333,0
20,greedy,8,800.0,1.0,1,0.5,7
20,dp,8,833.3333333333,1.0,1,0.03333333333333333,0
20,greedy,8,833.3333333333,1.0,1,0.5,7
20,dp,8,866.6666666667,1.0,1,0.03333333333333333,0
20,greedy,8,866.6666666667,1.0,1,0.5,7
20,dp,8,900.0,1.0,1,0.03333333333333333,0
20,greedy,8,900.0,1.0,1,0.5,7
20,dp,8,933.3333333333,1.0,1,0.03333333333333333,0
20,greedy,8,933.3333333333,1.0,1,0.5,7
20,dp,8,966.6666666667,1.0,1,0.03333333333333333,0
20,greedy,8,966.6666666667,1.0,1,0.5,7
20,dp,8,1000.0,1.0,1,0.03333333333333333,0
20,greedy,8,1000.0,1.0,1,0.5,7
20,dp,8,1033.6380498308,1.0,1,0.03333333333333333,0
20,greedy,8,1033.6380498308,1.0,1,0.5,7
20,dp,8,1068.407618058,1.0,1,0.03333333333333333,0
20,greedy,8,1068.407618058,1.0,1,0.5,7
20,dp,8,1104.3467667538,1.0,1,0.03333333333333333,0
20,greedy,8,1104.3467667538,1.0,1,0.5,7
20,dp,8,1141.4948383243,1.0,1,0.03333333333333333,0
20,greedy,8,1141.4948383243,1.0,1,0.5,7
20,dp,8,1179.8924985774,1.0,1,0.03333333333333333,0
20,greedy,8,1179.8924985774,1.0,1,0.5,7
20,dp,8,1219.5817812395,1.0,1,0.03333333333333333,0
20,greedy,8,1219.5817812395,1.0,1,0.5,7
20,dp,8,1260.6061339695,1.0,1,0.03333333333333333,0
20,greedy,8,1260.6061339695,1.0,1,0.5,7
20,dp,8,1303.010465921,1.0,1,0.03333333333333333,0
20,greedy,8,1303.010465921,1.0,1,0.5,7
20,dp,8,1346.8411969036,1.0,1,0.03333333333333333,0
20,greedy,8,1346.8411969036,1.0,1,0.5,7
20,dp,8,1392.1463081992,1.0,1,0.03333333333333333,0
20,greedy,8,1392.1463081992,1.0,1,0.5,7
20,dp,8,1438.9753950861,1.0,1,0.03333333333333333,0
20,greedy,8,1438.9753950861,1.0,1,0.5,7
20,dp,8,1487.3797211313,1.0,1,0.03333333333333333,0
20,greedy,8,1487.3797211313,1.0,1,0.5,7
20,dp,8,1537.412274308,1.0,1,0.03333333333333333,0
20,greedy,8,1537.412274308,1.0,1,0.5,7
20,dp,8,1589.1278250016,1.0,1,0.03333333333333333,0
20,greedy,8,1589.1278250016,1.0,1,0.5,7
20,dp,8,1642.5829859665,1.0,1,0.03333333333333333,0
20,greedy,8,1642.5829859665,1.0,1,0.5,7
20,dp,8,1697.8362742996,1.0,1,0.03333333333333333,0
20,greedy,8,1697.8362742996,1.0,1,0.5,7
20,dp,8,1754.948175499,1.0,1,0.03333333333333333,0
20,greedy,8,1754.948175499,1.0,1,0.5,7
20,dp,8,1813.9812096768,1.0,1,0.03333333333333333,0
20,greedy,8,1813.9812096768,1.0,1,0.5,7
20,dp,8,1875.0,1.0,1,0.03333333333333333,0
20,greedy,8,1875.0,1.0,1,0.5,7
20,dp,9,0.0,0.0,0,0.03333333333333333,0
20,greedy,9,0.0,0.0,0,0.5,7
20,dp,9,33.3333333333,0.0,0,0.9666666666666667,14
20,greedy,9,33.3333333333,0.0,0,0.5,7
20,dp,9,66.6666666667,0.0,0,0.9666666666666667,14
20,greedy,9,66.6666666667,0.0,0,0.5,7
20,dp,9,75.0,0.0,0,0.9666666666666667,14
20,greedy,9,75.0,0.0,0,0.5,7
20,dp,9,100.0,0.0,0,0.9666666666666667,14
20,greedy,9,100.0,0.0,0,0.5,7
20,dp,9,133.3333333333,0.0,0,0.9666666666666667,14
20,greedy,9,133.3333333333,0.0,0,0.5,7
20,dp,9,166.6666666667,0.0,0,0.9666666666666667,14
20,greedy,9,166.6666666667,0.0,0,0.5,7
20,dp,9,200.0,0.0,0,0.9666666666666667,14
20,greedy,9,200.0,0.0,0,0.5,7
20,dp,9,233.3333333333,0.0,0,0.9666666666666667,14
20,greedy,9,233.3333333333,0.0,0,0.5,7
20,dp,9,266.6666666667,0.0,0,0.9666666666666667,14
20,greedy,9,266.6666666667,0.0,0,0.5,7
20,dp,9,300.0,0.0,0,0.6333333333333333,9
20,greedy,9,300.0,0.0,0,0.5,7
20,dp,9,333.3333333333,0.0,0,0.43333333333333335,6
20,greedy,9,333.3333333333,0.0,0,0.5,7
20,dp,9,366.6666666667,0.0,0,0.3,4
20,greedy,9,366.6666666667,0.0,0,0.5,7
20,dp,9,400.0,0.0,0,0.23333333333333334,3
20,greedy,9,400.0,0.0,0,0.5,7
20,dp,9,433.3333333333,0.0,0,0.16666666666666666,2
20,greedy,9,433.3333333333,0.0,0,0.5,7
20,dp,9,466.6666666667,0.0,0,0.1,1
20,greedy,9,466.6666666667,0.0,0,0.5,7
20,dp,9,500.0,0.0,0,0.03333333333333333,0
20,greedy,9,500.0,0.0,0,0.5,7
20,dp,9,533.3333333333,0.0,0,0.03333333333333333,0
20,greedy,9,533.3333333333,0.0,0,0.5,7
20,dp,9,566.6666666667,0.0,0,0.03333333333333333,0
20,greedy,9,566.6666666667,0.0,0,0.5,7
20,dp,9,600.0,0.0,0,0.03333333333333333,0
20,greedy,9,600.0,0.0,0,0.5,7
20,dp,9,633.3333333333,0.0,0,0.03333333333333333,0
20,greedy,9,633.3333333333,0.0,0,0.5,7
20,dp,9,666.6666666667,0.0,0,0.03333333333333333,0
20,greedy,9,666.6666666667,0.0,0,0.5,7
20,dp,9,700.0,0.0,0,0.03333333333333333,0
20,greedy,9,700.0,0.0,0,0.5,7
20,dp,9,733.3333333333,0.0,0,0.03333333333333333,0
20,greedy,9,733.3333333333,0.0,0,0.5,7
20,dp,9,766.6666666667,0.0,0,0.03333333333333333,0
20,greedy,9,766.6666666667,0.0,0,0.5,7
20,dp,9,800.0,0.0,0,0.03333333333333333,0
20,greedy,9,800.0,0.0,0,0.5,7
20,dp,9,833.3333333333,0.0,0,0.03333333333333333,0
20,greedy,9,833.3333333333,0.0,0,0.5,7
20,dp,9,866.6666666667,0.0,0,0.03333333333333333,0
20,greedy,9,866.6666666667,0.0,0,0.5,7
20,dp,9,900.0,0.0,0,0.03333333333333333,0
20,greedy,9,900.0,0.0,0,0.5,7
20,dp,9,933.3333333333,0.0,0,0.03333333333333333,0
20,greedy,9,933.3333333333,0.0,0,0.5,7
20,dp,9,966.6666666667,0.0,0,0.03333333333333333,0
20,greedy,9,966.6666666667,0.0,0,0.5,7
20,dp,9,1000.0,0.0,0,0.03333333333333333,0
20,greedy,9,1000.0,0.0,0,0.5,7
20,dp,9,1033.6380498308,0.0,0,0.03333333333333333,0
20,greedy,9,1033.6380498308,0.0,0,0.5,7
20,dp,9,1068.407618058,0.0,0,0.03333333333333333,0
20,greedy,9,1068.407618058,0.0,0,0.5,7
20,dp,9,1104.3467667538,0.0,0,0.03333333333333333,0
20,greedy,9,1104.3467667538,0.0,0,0.5,7
20,dp,9,1141.4948383243,0.0,0,0.03333333333333333,0
20,greedy,9,1141.4948383243,0.0,0,0.5,7
20,dp,9,1179.8924985774,0.0,0,0.03333333333333333,0
20,greedy,9,1179.8924985774,0.0,0,0.5,7
20,dp,9,1219.5817812395,0.0,0,0.03333333333333333,0
20,greedy,9,1219.5817812395,0.0,0,0.5,7
20,dp,9,1260.6061339695,0.0,0,0.03333333333333333,0
20,greedy,9,1260.6061339695,0.0,0,0.5,7
20,dp,9,1303.010465921,0.0,0,0.03333333333333333,0
20,greedy,9,1303.010465921,0.0,0,0.5,7
20,dp,9,1346.8411969036,0.0,0,0.03333333333333333,0
20,greedy,9,1346.8411969036,0.0,0,0.5,7
20,dp,9,1392.1463081992,0.0,0,0.03333333333333333,0
20,greedy,9,1392.1463081992,0.0,0,0.5,7
20,dp,9,1438.9753950861,0.0,0,0.03333333333333333,0
20,greedy,9,1438.9753950861,0.0,0,0.5,7
20,dp,9,1487.3797211313,0.0,0,0.03333333333333333,0
20,greedy,9,1487.3797211313,0.0,0,0.5,7
20,dp,9,1537.412274308,0.0,0,0.03333333333333333,0
20,greedy,9,1537.412274308,0.0,0,0.5,7
20,dp,9,1589.1278250016,0.0,0,0.03333333333333333,0
20,greedy,9,1589.1278250016,0.0,0,0.5,7
20,dp,9,1642.5829859665,0.0,0,0.03333333333333333,0
20,greedy,9,1642.5829859665,0.0,0,0.5,7
20,dp,9,1697.8362742996,0.0,0,0.03333333333333333,0
20,greedy,9,1697.8362742996,0.0,0,0.5,7
20,dp,9,1754.948175499,0.0,0,0.03333333333333333,0
20,greedy,9,1754.948175499,0.0,0,0.5,7
20,dp,9,1813.9812096768,0.0,0,0.03333333333333333,0
20,greedy,9,1813.9812096768,0.0,0,0.5,7
20,dp,9,1875.0,0.0,0,0.03333333333333333,0
20,greedy,9,1875.0,0.0,0,0.5,7
20,dp,10,0.0,0.0,0,0.03333333333333333,0
20,greedy,10,0.0,0.0,0,0.5,7
20,dp,10,33.3333333333,0.0,0,0.9666666666666667,14
20,greedy,10,33.3333333333,0.0,0,0.5,7
20,dp,10,66.6666666667,0.0,0,0.9666666666666667,14
20,greedy,10,66.6666666667,0.0,0,0.5,7
20,dp,10,75.0,0.0,0,0.9666666666666667,14
20,greedy,10,75.0,1.0,1,0.5,7
20,dp,10,100.0,0.0,0,0.9666666666666667,14
20,greedy,10,100.0,1.0,1,0.5,7
20,dp,10,133.3333333333,0.0,0,0.9666666666666667,14
20,greedy,10,133.3333333333,1.0,1,0.5,7
20,dp,10,166.6666666667,0.0,0,0.9666666666666667,14
20,greedy,10,166.6666666667,1.0,1,0.5,7
20,dp,10,200.0,0.0,0,0.9666666666666667,14
20,greedy,10,200.0,1.0,1,0.5,7
20,dp,10,233.3333333333,1.0,1,0.9666666666666667,14
20,greedy,10,233.3333333333,1.0,1,0.5,7
20,dp,10,266.6666666667,1.0,1,0.9666666666666667,14
20,greedy,10,266.6666666667,1.0,1,0.5,7
20,dp,10,300.0,1.0,1,0.9666666666666667,14
20,greedy,10,300.0,1.0,1,0.5,7
20,dp,10,333.3333333333,1.0,1,0.6333333333333333,9
20,greedy,10,333.3333333333,1.0,1,0.5,7
20,dp,10,366.6666666667,1.0,1,0.5,7
20,greedy,10,366.6666666667,1.0,1,0.5,7
20,dp,10,400.0,1.0,1,0.3,4
20,greedy,10,400.0,1.0,1,0.5,7
20,dp,10,433.3333333333,1.0,1,0.16666666666666666,2
20,greedy,10,433.3333333333,1.0,1,0.5,7
20,dp,10,466.6666666667,1.0,1,0.1,1
20,greedy,10,466.6666666667,1.0,1,0.5,7
20,dp,10,500.0,1.0,1,0.03333333333333333,0
20,greedy,10,500.0,1.0,1,0.5,7
20,dp,10,533.3333333333,1.0,1,0.03333333333333333,0
20,greedy,10,533.3333333333,1.0,1,0.5,7
20,dp,10,566.6666666667,1.0,1,0.03333333333333333,0
20,greedy,10,566.6666666667,1.0,1,0.5,7
20,dp,10,600.0,1.0,1,0.03333333333333333,0
20,greedy,10,600.0,1.0,1,0.5,7
20,dp,10,633.3333333333,1.0,1,0.03333333333333333,0
20,greedy,10,633.3333333333,1.0,1,0.5,7
20,dp,10,666.6666666667,1.0,1,0.03333333333333333,0
20,greedy,10,666.6666666667,1.0,1,0.5,7
20,dp,10,700.0,1.0,1,0.03333333333333333,0
20,greedy,10,700.0,1.0,1,0.5,7
20,dp,10,733.3333333333,1.0,1,0.03333333333333333,0
20,greedy,10,733.3333333333,1.0,1,0.5,7
20,dp,10,766.6666666667,1.0,1,0.03333333333333333,0
20,greedy,10,766.6666666667,1.0,1,0.5,7
20,dp,10,800.0,1.0,1,0.03333333333333333,0
20,greedy,10,800.0,1.0,1,0.5,7
20,dp,10,833.3333333333,1.0,1,0.03333333333333333,0
20,greedy,10,833.3333333333,1.0,1,0.5,7
20,dp,10,866.6666666667,1.0,1,0.03333333333333333,0
20,greedy,10,866.6666666667,1.0,1,0.5,7
20,dp,10,900.0,1.0,1,0.03333333333333333,0
20,greedy,10,900.0,1.0,1,0.5,7
20,dp,10,933.3333333333,1.0,1,0.03333333333333333,0
20,greedy,10,933.3333333333,1.0,1,0.5,7
20,dp,10,966.6666666667,1.0,1,0.03333333333333333,0
20,greedy,10,966.6666666667,1.0,1,0.5,7
20,dp,10,1000.0,1.0,1,0.03333333333333333,0
20,greedy,10,1000.0,1.0,1,0.5,7
20,dp,10,1033.6380498308,1.0,1,0.03333333333333333,0
20,greedy,10,1033.6380498308,1.0,1,0.5,7
20,dp,10,1068.407618058,1.0,1,0.03333333333333333,0
20,greedy,10,1068.407618058,1.0,1,0.5,7
20,dp,10,1104.3467667538,1.0,1,0.03333333333333333,0
20,greedy,10,1104.3467667538,1.0,1,0.5,7
20,dp,10,1141.4948383243,1.0,1,0.03333333333333333,0
20,greedy,10,1141.4948383243,1.0,1,0.5,7
20,dp,10,1179.8924985774,1.0,1,0.03333333333333333,0
20,greedy,10,1179.8924985774,1.0,1,0.5,7
20,dp,10,1219.5817812395,1.0,1,0.03333333333333333,0
20,greedy,10,1219.5817812395,1.0,1,0.5,7
20,dp,10,1260.6061339695,1.0,1,0.03333333333333333,0
20,greedy,10,1260.6061339695,1.0,1,0.5,7
20,dp,10,1303.010465921,1.0,1,0.03333333333333333,0
20,greedy,10,1303.010465921,1.0,1,0.5,7
20,dp,10,1346.8411969036,1.0,1,0.03333333333333333,0
20,greedy,10,1346.8411969036,1.0,1,0.5,7
20,dp,10,1392.1463081992,1.0,1,0.03333333333333333,0
20,greedy,10,1392.1463081992,1.0,1,0.5,7
20,dp,10,1438.9753950861,1.0,1,0.03333333333333333,0
20,greedy,10,1438.9753950861,1.0,1,0.5,7
20,dp,10,1487.3797211313,1.0,1,0.03333333333333333,0
20,greedy,10,1487.3797211313,1.0,1,0.5,7
20,dp,10,1537.412274308,1.0,1,0.03333333333333333,0
20,greedy,10,1537.412274308,1.0,1,0.5,7
20,dp,10,1589.1278250016,1.0,1,0.03333333333333333,0
20,greedy,10,1589.1278250016,1.0,1,0.5,7
20,dp,10,1642.5829859665,1.0,1,0.03333333333333333,0
20,greedy,10,1642.5829859665,1.0,1,0.5,7
20,dp,10,1697.8362742996,1.0,1,0.03333333333333333,0
20,greedy,10,1697.8362742996,1.0,1,0.5,7
20,dp,10,1754.948175499,1.0,1,0.03333333333333333,0
20,greedy,10,1754.948175499,1.0,1,0.5,7
20,dp,10,1813.9812096768,1.0,1,0.03333333333333333,0
20,greedy,10,1813.9812096768,1.0,1,0.5,7
20,dp,10,1875.0,1.0,1,0.03333333333333333,0
20,greedy,10,1875.0,1.0,1,0.5,7
20,dp,11,0.0,0.0,0,0.03333333333333333,0
20,greedy,11,0.0,0.0,0,0.5,7
20,dp,11,33.3333333333,0.0,0,0.9666666666666667,14
20,greedy,11,33.3333333333,0.0,0,0.5,7
20,dp,11,66.6666666667,0.0,0,0.9666666666666667,14
20,greedy,11,66.6666666667,0.0,0,0.5,7
20,dp,11,75.0,0.0,0,0.9666666666666667,14
20,greedy,11,75.0,0.0,0,0.5,7
20,dp,11,100.0,0.0,0,0.9666666666666667,14
20,greedy,11,100.0,0.0,0,0.5,7
20,dp,11,133.3333333333,0.0,0,0.9666666666666667,14
20,greedy,11,133.3333333333,0.0,0,0.5,7
20,dp,11,166.6666666667,0.0,0,0.9666666666666667,14
20,greedy,11,166.6666666667,0.0,0,0.5,7
20,dp,11,200.0,0.0,0,0.9666666666666667,14
20,greedy,11,200.0,0.0,0,0.5,7
20,dp,11,233.3333333333,0.0,0,0.9,13
20,greedy,11,233.3333333333,0.0,0,0.5,7
20,dp,11,266.6666666667,0.0,0,0.5,7
20,greedy,11,266.6666666667,0.0,0,0.5,7
20,dp,11,300.0,0.0,0,0.43333333333333335,6
20,greedy,11,300.0,0.0,0,0.5,7
20,dp,11,333.3333333333,0.0,0,0.3,4
20,greedy,11,333.3333333333,0.0,0,0.5,7
20,dp,11,366.6666666667,0.0,0,0.1,1
20,greedy,11,366.6666666667,0.0,0,0.5,7
20,dp,11,400.0,0.0,0,0.1,1
20,greedy,11,400.0,0.0,0,0.5,7
20,dp,11,433.3333333333,0.0,0,0.03333333333333333,0
20,greedy,11,433.3333333333,0.0,0,0.5,7
20,dp,11,466.6666666667,0.0,0,0.03333333333333333,0
20,greedy,11,466.6666666667,0.0,0,0.5,7
20,dp,11,500.0,0.0,0,0.03333333333333333,0
20,greedy,11,500.0,0.0,0,0.5,7
20,dp,11,533.3333333333,0.0,0,0.03333333333333333,0
20,greedy,11,533.3333333333,0.0,0,0.5,7
20,dp,11,566.6666666667,0.0,0,0.03333333333333333,0
20,greedy,11,566.6666666667,0.0,0,0.5,7
20,dp,11,600.0,0.0,0,0.03333333333333333,0
20,greedy,11,600.0,0.0,0,0.5,7
20,dp,11,633.3333333333,0.0,0,0.03333333333333333,0
20,greedy,11,633.3333333333,0.0,0,0.5,7
20,dp,11,666.6666666667,0.0,0,0.03333333333333333,0
20,greedy,11,666.6666666667,0.0,0,0.5,7
20,dp,11,700.0,0.0,0,0.03333333333333333,0
20,greedy,11,700.0,0.0,0,0.5,7
20,dp,11,733.3333333333,0.0,0,0.03333333333333333,0
20,greedy,11,733.3333333333,0.0,0,0.5,7
20,dp,11,766.6666666667,0.0,0,0.03333333333333333,0
20,greedy,11,766.6666666667,0.0,0,0.5,7
20,dp,11,800.0,0.0,0,0.03333333333333333,0
20,greedy,11,800.0,0.0,0,0.5,7
20,dp,11,833.3333333333,0.0,0,0.03333333333333333,0
20,greedy,11,833.3333333333,0.0,0,0.5,7
20,dp,11,866.6666666667,0.0,0,0.03333333333333333,0
20,greedy,11,866.6666666667,0.0,0,0.5,7
20,dp,11,900.0,0.0,0,0.03333333333333333,0
20,greedy,11,900.0,0.0,0,0.5,7
20,dp,11,933.3333333333,0.0,0,0.03333333333333333,0
20,greedy,11,933.3333333333,0.0,0,0.5,7
20,dp,11,966.6666666667,0.0,0,0.03333333333333333,0
20,greedy,11,966.6666666667,0.0,0,0.5,7
20,dp,11,1000.0,0.0,0,0.03333333333333333,0
20,greedy,11,1000.0,0.0,0,0.5,7
20,dp,11,1033.6380498308,0.0,0,0.03333333333333333,0
20,greedy,11,1033.6380498308,0.0,0,0.5,7
20,dp,11,1068.407618058,0.0,0,0.03333333333333333,0
20,greedy,11,1068.407618058,0.0,0,0.5,7
20,dp,11,1104.3467667538,0.0,0,0.03333333333333333,0
20,greedy,11,1104.3467667538,0.0,0,0.5,7
20,dp,11,1141.4948383243,0.0,0,0.03333333333333333,0
20,greedy,11,1141.4948383243,0.0,0,0.5,7
20,dp,11,1179.8924985774,0.0,0,0.03333333333333333,0
20,greedy,11,1179.8924985774,0.0,0,0.5,7
20,dp,11,1219.5817812395,0.0,0,0.03333333333333333,0
20,greedy,11,1219.5817812395,0.0,0,0.5,7
20,dp,11,1260.6061339695,0.0,0,0.03333333333333333,0
20,greedy,11,1260.6061339695,0.0,0,0.5,7
20,dp,11,1303.010465921,0.0,0,0.03333333333333333,0
20,greedy,11,1303.010465921,0.0,0,0.5,7
20,dp,11,1346.8411969036,0.0,0,0.03333333333333333,0
20,greedy,11,1346.8411969036,0.0,0,0.5,7
20,dp,11,1392.1463081992,0.0,0,0.03333333333333333,0
20,greedy,11,1392.1463081992,0.0,0,0.5,7
20,dp,11,1438.9753950861,0.0,0,0.03333333333333333,0
20,greedy,11,1438.9753950861,0.0,0,0.5,7
20,dp,11,1487.3797211313,0.0,0,0.03333333333333333,0
20,greedy,11,1487.3797211313,0.0,0,0.5,7
20,dp,11,1537.412274308,0.0,0,0.03333333333333333,0
20,greedy,11,1537.412274308,0.0,0,0.5,7
20,dp,11,1589.1278250016,0.0,0,0.03333333333333333,0
20,greedy,11,1589.1278250016,0.0,0,0.5,7
20,dp,11,1642.5829859665,0.0,0,0.03333333333333333,0
20,greedy,11,1642.5829859665,0.0,0,0.5,7
20,dp,11,1697.8362742996,0.0,0,0.03333333333333333,0
20,greedy,11,1697.8362742996,0.0,0,0.5,7
20,dp,11,1754.948175499,0.0,0,0.03333333333333333,0
20,greedy,11,1754.948175499,0.0,0,0.5,7
20,dp,11,1813.9812096768,0.0,0,0.03333333333333333,0
20,greedy,11,1813.9812096768,0.0,0,0.5,7
20,dp,11,1875.0,0.0,0,0.03333333333333333,0
20,greedy,11,1875.0,0.0,0,0.5,7
20,dp,12,0.0,0.0,0,0.03333333333333333,0
20,greedy,12,0.0,0.0,0,0.5,7
20,dp,12,33.3333333333,0.0,0,0.9666666666666667,14
20,greedy,12,33.3333333333,0.0,0,0.5,7
20,dp,12,66.6666666667,0.0,0,0.9666666666666667,14
20,greedy,12,66.6666666667,0.0,0,0.5,7
20,dp,12,75.0,0.0,0,0.9666666666666667,14
20,greedy,12,75.0,1.0,1,0.5,7
20,dp,12,100.0,0.0,0,0.9666666666666667,14
20,greedy,12,100.0,1.0,1,0.5,7
20,dp,12,133.3333333333,0.0,0,0.9666666666666667,14
20,greedy,12,133.3333333333,1.0,1,0.5,7
20,dp,12,166.6666666667,0.0,0,0.9666666666666667,14
20,greedy,12,166.6666666667,1.0,1,0.5,7
20,dp,12,200.0,1.0,1,0.9666666666666667,14
20,greedy,12,200.0,1.0,1,0.5,7
20,dp,12,233.3333333333,1.0,1,0.9666666666666667,14
20,greedy,12,233.3333333333,1.0,1,0.5,7
20,dp,12,266.6666666667,1.0,1,0.9,13
20,greedy,12,266.6666666667,1.0,1,0.5,7
20,dp,12,300.0,1.0,1,0.6333333333333333,9
20,greedy,12,300.0,1.0,1,0.5,7
20,dp,12,333.3333333333,1.0,1,0.36666666666666664,5
20,greedy,12,333.3333333333,1.0,1,0.5,7
20,dp,12,366.6666666667,1.0,1,0.23333333333333334,3
20,greedy,12,366.6666666667,1.0,1,0.5,7
20,dp,12,400.0,1.0,1,0.1,1
20,greedy,12,400.0,1.0,1,0.5,7
20,dp,12,433.3333333333,1.0,1,0.03333333333333333,0
20,greedy,12,433.3333333333,1.0,1,0.5,7
20,dp,12,466.6666666667,1.0,1,0.03333333333333333,0
20,greedy,12,466.6666666667,1.0,1,0.5,7
20,dp,12,500.0,1.0,1,0.03333333333333333,0
20,greedy,12,500.0,1.0,1,0.5,7
20,dp,12,533.3333333333,1.0,1,0.03333333333333333,0
20,greedy,12,533.3333333333,1.0,1,0.5,7
20,dp,12,566.6666666667,1.0,1,0.03333333333333333,0
20,greedy,12,566.6666666667,1.0,1,0.5,7
20,dp,12,600.0,1.0,1,0.03333333333333333,0
20,greedy,12,600.0,1.0,1,0.5,7
20,dp,12,633.3333333333,1.0,1,0.03333333333333333,0
20,greedy,12,633.3333333333,1.0,1,0.5,7
20,dp,12,666.6666666667,1.0,1,0.03333333333333333,0
20,greedy,12,666.6666666667,1.0,1,0.5,7
20,dp,12,700.0,1.0,1,0.03333333333333333,0
20,greedy,12,700.0,1.0,1,0.5,7
20,dp,12,733.3333333333,1.0,1,0.03333333333333333,0
20,greedy,12,733.3333333333,1.0,1,0.5,7
20,dp,12,766.6666666667,1.0,1,0.03333333333333333,0
20,greedy,12,766.6666666667,1.0,1,0.5,7
20,dp,12,800.0,1.0,1,0.03333333333333333,0
20,greedy,12,800.0,1.0,1,0.5,7
20,dp,12,833.3333333333,1.0,1,0.03333333333333333,0
20,greedy,12,833.3333333333,1.0,1,0.5,7
20,dp,12,866.6666666667,1.0,1,0.03333333333333333,0
20,greedy,12,866.6666666667,1.0,1,0.5,7
20,dp,12,900.0,1.0,1,0.03333333333333333,0
20,greedy,12,900.0,1.0,1,0.5,7
20,dp,12,933.3333333333,1.0,1,0.03333333333333333,0
20,greedy,12,933.3333333333,1.0,1,0.5,7
20,dp,12,966.6666666667,1.0,1,0.03333333333333333,0
20,greedy,12,966.6666666667,1.0,1,0.5,7
20,dp,12,1000.0,1.0,1,0.03333333333333333,0
20,greedy,12,1000.0,1.0,1,0.5,7
20,dp,12,1033.6380498308,1.0,1,0.03333333333333333,0
20,greedy,12,1033.6380498308,1.0,1,0.5,7
20,dp,12,1068.407618058,1.0,1,0.03333333333333333,0
20,greedy,12,1068.407618058,1.0,1,0.5,7
20,dp,12,1104.3467667538,1.0,1,0.03333333333333333,0
20,greedy,12,1104.3467667538,1.0,1,0.5,7
20,dp,12,1141.4948383243,1.0,1,0.03333333333333333,0
20,greedy,12,1141.4948383243,1.0,1,0.5,7
20,dp,12,1179.8924985774,1.0,1,0.03333333333333333,0
20,greedy,12,1179.8924985774,1.0,1,0.5,7
20,dp,12,1219.5817812395,1.0,1,0.03333333333333333,0
20,greedy,12,1219.5817812395,1.0,1,0.5,7
20,dp,12,1260.6061339695,1.0,1,0.03333333333333333,0
20,greedy,12,1260.6061339695,1.0,1,0.5,7
20,dp,12,1303.010465921,1.0,1,0.03333333333333333,0
20,greedy,12,1303.010465921,1.0,1,0.5,7
20,dp,12,1346.8411969036,1.0,1,0.03333333333333333,0
20,greedy,12,1346.8411969036,1.0,1,0.5,7
20,dp,12,1392.1463081992,1.0,1,0.03333333333333333,0
20,greedy,12,1392.1463081992,1.0,1,0.5,7
20,dp,12,1438.9753950861,1.0,1,0.03333333333333333,0
20,greedy,12,1438.9753950861,1.0,1,0.5,7
20,dp,12,1487.3797211313,1.0,1,0.03333333333333333,0
20,greedy,12,1487.3797211313,1.0,1,0.5,7
20,dp,12,1537.412274308,1.0,1,0.03333333333333333,0
20,greedy,12,1537.412274308,1.0,1,0.5,7
20,dp,12,1589.1278250016,1.0,1,0.03333333333333333,0
20,greedy,12,1589.1278250016,1.0,1,0.5,7
20,dp,12,1642.5829859665,1.0,1,0.03333333333333333,0
20,greedy,12,1642.5829859665,1.0,1,0.5,7
20,dp,12,1697.8362742996,1.0,1,0.03333333333333333,0
20,greedy,12,1697.8362742996,1.0,1,0.5,7
20,dp,12,1754.948175499,1.0,1,0.03333333333333333,0
20,greedy,12,1754.948175499,1.0,1,0.5,7
20,dp,12,1813.9812096768,1.0,1,0.03333333333333333,0
20,greedy,12,1813.9812096768,1.0,1,0.5,7
20,dp,12,1875.0,1.0,1,0.03333333333333333,0
20,greedy,12,1875.0,1.0,1,0.5,7
20,dp,13,0.0,0.0,0,0.03333333333333333,0
20,greedy,13,0.0,0.0,0,0.5,7
20,dp,13,33.3333333333,0.0,0,0.9666666666666667,14
20,greedy,13,33.3333333333,0.0,0,0.5,7
20,dp,13,66.6666666667,0.0,0,0.9666666666666667,14
20,greedy,13,66.6666666667,0.0,0,0.5,7
20,dp,13,75.0,0.0,0,0.9666666666666667,14
20,greedy,13,75.0,0.0,0,0.5,7
20,dp,13,100.0,0.0,0,0.9666666666666667,14
20,greedy,13,100.0,0.0,0,0.5,7
20,dp,13,133.3333333333,0.0,0,0.9666666666666667,14
20,greedy,13,133.3333333333,0.0,0,0.5,7
20,dp,13,166.6666666667,0.0,0,0.9666666666666667,14
20,greedy,13,166.6666666667,0.0,0,0.5,7
20,dp,13,200.0,0.0,0,0.9666666666666667,14
20,greedy,13,200.0,0.0,0,0.5,7
20,dp,13,233.3333333333,0.0,0,0.5666666666666667,8
20,greedy,13,233.3333333333,0.0,0,0.5,7
20,dp,13,266.6666666667,0.0,0,0.43333333333333335,6
20,greedy,13,266.6666666667,0.0,0,0.5,7
20,dp,13,300.0,0.0,0,0.16666666666666666,2
20,greedy,13,300.0,0.0,0,0.5,7
20,dp,13,333.3333333333,0.0,0,0.03333333333333333,0
20,greedy,13,333.3333333333,0.0,0,0.5,7
20,dp,13,366.6666666667,0.0,0,0.03333333333333333,0
20,greedy,13,366.6666666667,0.0,0,0.5,7
20,dp,13,400.0,0.0,0,0.03333333333333333,0
20,greedy,13,400.0,0.0,0,0.5,7
20,dp,13,433.3333333333,0.0,0,0.03333333333333333,0
20,greedy,13,433.3333333333,0.0,0,0.5,7
20,dp,13,466.6666666667,0.0,0,0.03333333333333333,0
20,greedy,13,466.6666666667,0.0,0,0.5,7
20,dp,13,500.0,0.0,0,0.03333333333333333,0
20,greedy,13,500.0,0.0,0,0.5,7
20,dp,13,533.3333333333,0.0,0,0.03333333333333333,0
20,greedy,13,533.3333333333,0.0,0,0.5,7
20,dp,13,566.6666666667,0.0,0,0.03333333333333333,0
20,greedy,13,566.6666666667,0.0,0,0.5,7
20,dp,13,600.0,0.0,0,0.03333333333333333,0
20,greedy,13,600.0,0.0,0,0.5,7
20,dp,13,633.3333333333,0.0,0,0.03333333333333333,0
20,greedy,13,633.3333333333,0.0,0,0.5,7
20,dp,13,666.6666666667,0.0,0,0.03333333333333333,0
20,greedy,13,666.6666666667,0.0,0,0.5,7
20,dp,13,700.0,0.0,0,0.03333333333333333,0
20,greedy,13,700.0,0.0,0,0.5,7
20,dp,13,733.3333333333,0.0,0,0.03333333333333333,0
20,greedy,13,733.3333333333,0.0,0,0.5,7
20,dp,13,766.6666666667,0.0,0,0.03333333333333333,0
20,greedy,13,766.6666666667,0.0,0,0.5,7
20,dp,13,800.0,0.0,0,0.03333333333333333,0
20,greedy,13,800.0,0.0,0,0.5,7
20,dp,13,833.3333333333,0.0,0,0.03333333333333333,0
20,greedy,13,833.3333333333,0.0,0,0.5,7
20,dp,13,866.6666666667,0.0,0,0.03333333333333333,0
20,greedy,13,866.6666666667,0.0,0,0.5,7
20,dp,13,900.0,0.0,0,0.03333333333333333,0
20,greedy,13,900.0,0.0,0,0.5,7
20,dp,13,933.3333333333,0.0,0,0.03333333333333333,0
20,greedy,13,933.3333333333,0.0,0,0.5,7
20,dp,13,966.6666666667,0.0,0,0.03333333333333333,0
20,greedy,13,966.6666666667,0.0,0,0.5,7
20,dp,13,1000.0,0.0,0,0.03333333333333333,0
20,greedy,13,1000.0,0.0,0,0.5,7
20,dp,13,1033.6380498308,0.0,0,0.03333333333333333,0
20,greedy,13,1033.6380498308,0.0,0,0.5,7
20,dp,13,1068.407618058,0.0,0,0.03333333333333333,0
20,greedy,13,1068.407618058,0.0,0,0.5,7
20,dp,13,1104.3467667538,0.0,0,0.03333333333333333,0
20,greedy,13,1104.3467667538,0.0,0,0.5,7
20,dp,13,1141.4948383243,0.0,0,0.03333333333333333,0
20,greedy,13,1141.4948383243,0.0,0,0.5,7
20,dp,13,1179.8924985774,0.0,0,0.03333333333333333,0
20,greedy,13,1179.8924985774,0.0,0,0.5,7
20,dp,13,1219.5817812395,0.0,0,0.03333333333333333,0
20,greedy,13,1219.5817812395,0.0,0,0.5,7
20,dp,13,1260.6061339695,0.0,0,0.03333333333333333,0
20,greedy,13,1260.6061339695,0.0,0,0.5,7
20,dp,13,1303.010465921,0.0,0,0.03333333333333333,0
20,greedy,13,1303.010465921,0.0,0,0.5,7
20,dp,13,1346.8411969036,0.0,0,0.03333333333333333,0
20,greedy,13,1346.8411969036,0.0,0,0.5,7
20,dp,13,1392.1463081992,0.0,0,0.03333333333333333,0
20,greedy,13,1392.1463081992,0.0,0,0.5,7
20,dp,13,1438.9753950861,0.0,0,0.03333333333333333,0
20,greedy,13,1438.9753950861,0.0,0,0.5,7
20,dp,13,1487.3797211313,0.0,0,0.03333333333333333,0
20,greedy,13,1487.3797211313,0.0,0,0.5,7
20,dp,13,1537.412274308,0.0,0,0.03333333333333333,0
20,greedy,13,1537.412274308,0.0,0,0.5,7
20,dp,13,1589.1278250016,0.0,0,0.03333333333333333,0
20,greedy,13,1589.1278250016,0.0,0,0.5,7
20,dp,13,1642.5829859665,0.0,0,0.03333333333333333,0
20,greedy,13,1642.5829859665,0.0,0,0.5,7
20,dp,13,1697.8362742996,0.0,0,0.03333333333333333,0
20,greedy,13,1697.8362742996,0.0,0,0.5,7
20,dp,13,1754.948175499,0.0,0,0.03333333333333333,0
20,greedy,13,1754.948175499,0.0,0,0.5,7
20,dp,13,1813.9812096768,0.0,0,0.03333333333333333,0
20,greedy,13,1813.9812096768,0.0,0,0.5,7
20,dp,13,1875.0,0.0,0,0.03333333333333333,0
20,greedy,13,1875.0,0.0,0,0.5,7
20,dp,14,0.0,0.0,0,0.03333333333333333,0
20,greedy,14,0.0,0.0,0,0.5,7
20,dp,14,33.3333333333,0.0,0,0.9666666666666667,14
20,greedy,14,33.3333333333,0.0,0,0.5,7
20,dp,14,66.6666666667,0.0,0,0.9666666666666667,14
20,greedy,14,66.6666666667,0.0,0,0.5,7
20,dp,14,75.0,0.0,0,0.9666666666666667,14
20,greedy,14,75.0,1.0,1,0.5,7
20,dp,14,100.0,0.0,0,0.9666666666666667,14
20,greedy,14,100.0,1.0,1,0.5,7
20,dp,14,133.3333333333,0.0,0,0.9666666666666667,14
20,greedy,14,133.3333333333,1.0,1,0.5,7
20,dp,14,166.6666666667,0.0,0,0.8333333333333334,12
20,greedy,14,166.6666666667,1.0,1,0.5,7
20,dp,14,200.0,1.0,1,0.9666666666666667,14
20,greedy,14,200.0,1.0,1,0.5,7
20,dp,14,233.3333333333,1.0,1,0.9666666666666667,14
20,greedy,14,233.3333333333,1.0,1,0.5,7
20,dp,14,266.6666666667,1.0,1,0.43333333333333335,6
20,greedy,14,266.6666666667,1.0,1,0.5,7
20,dp,14,300.0,1.0,1,0.23333333333333334,3
20,greedy,14,300.0,1.0,1,0.5,7
20,dp,14,333.3333333333,1.0,1,0.03333333333333333,0
20,greedy,14,333.3333333333,1.0,1,0.5,7
20,dp,14,366.6666666667,1.0,1,0.03333333333333333,0
20,greedy,14,366.6666666667,1.0,1,0.5,7
20,dp,14,400.0,1.0,1,0.03333333333333333,0
20,greedy,14,400.0,1.0,1,0.5,7
20,dp,14,433.3333333333,1.0,1,0.03333333333333333,0
20,greedy,14,433.3333333333,1.0,1,0.5,7
20,dp,14,466.6666666667,1.0,1,0.03333333333333333,0
20,greedy,14,466.6666666667,1.0,1,0.5,7
20,dp,14,500.0,1.0,1,0.03333333333333333,0
20,greedy,14,500.0,1.0,1,0.5,7
20,dp,14,533.3333333333,1.0,1,0.03333333333333333,0
20,greedy,14,533.3333333333,1.0,1,0.5,7
20,dp,14,566.6666666667,1.0,1,0.03333333333333333,0
20,greedy,14,566.6666666667,1.0,1,0.5,7
20,dp,14,600.0,1.0,1,0.03333333333333333,0
20,greedy,14,600.0,1.0,1,0.5,7
20,dp,14,633.3333333333,1.0,1,0.03333333333333333,0
20,greedy,14,633.3333333333,1.0,1,0.5,7
20,dp,14,666.6666666667,1.0,1,0.03333333333333333,0
20,greedy,14,666.6666666667,1.0,1,0.5,7
20,dp,14,700.0,1.0,1,0.03333333333333333,0
20,greedy,14,700.0,1.0,1,0.5,7
20,dp,14,733.3333333333,1.0,1,0.03333333333333333,0
20,greedy,14,733.3333333333,1.0,1,0.5,7
20,dp,14,766.6666666667,1.0,1,0.03333333333333333,0
20,greedy,14,766.6666666667,1.0,1,0.5,7
20,dp,14,800.0,1.0,1,0.03333333333333333,0
20,greedy,14,800.0,1.0,1,0.5,7
20,dp,14,833.3333333333,1.0,1,0.03333333333333333,0
20,greedy,14,833.3333333333,1.0,1,0.5,7
20,dp,14,866.6666666667,1.0,1,0.03333333333333333,0
20,greedy,14,866.6666666667,1.0,1,0.5,7
20,dp,14,900.0,1.0,1,0.03333333333333333,0
20,greedy,14,900.0,1.0,1,0.5,7
20,dp,14,933.3333333333,1.0,1,0.03333333333333333,0
20,greedy,14,933.3333333333,1.0,1,0.5,7
20,dp,14,966.6666666667,1.0,1,0.03333333333333333,0
20,greedy,14,966.6666666667,1.0,1,0.5,7
20,dp,14,1000.0,1.0,1,0.03333333333333333,0
20,greedy,14,1000.0,1.0,1,0.5,7
20,dp,14,1033.6380498308,1.0,1,0.03333333333333333,0
20,greedy,14,1033.6380498308,1.0,1,0.5,7
20,dp,14,1068.407618058,1.0,1,0.03333333333333333,0
20,greedy,14,1068.407618058,1.0,1,0.5,7
20,dp,14,1104.3467667538,1.0,1,0.03333333333333333,0
20,greedy,14,1104.3467667538,1.0,1,0.5,7
20,dp,14,1141.4948383243,1.0,1,0.03333333333333333,0
20,greedy,14,1141.4948383243,1.0,1,0.5,7
20,dp,14,1179.8924985774,1.0,1,0.03333333333333333,0
20,greedy,14,1179.8924985774,1.0,1,0.5,7
20,dp,14,1219.5817812395,1.0,1,0.03333333333333333,0
20,greedy,14,1219.5817812395,1.0,1,0.5,7
20,dp,14,1260.6061339695,1.0,1,0.03333333333333333,0
20,greedy,14,1260.6061339695,1.0,1,0.5,7
20,dp,14,1303.010465921,1.0,1,0.03333333333333333,0
20,greedy,14,1303.010465921,1.0,1,0.5,7
20,dp,14,1346.8411969036,1.0,1,0.03333333333333333,0
20,greedy,14,1346.8411969036,1.0,1,0.5,7
20,dp,14,1392.1463081992,1.0,1,0.03333333333333333,0
20,greedy,14,1392.1463081992,1.0,1,0.5,7
20,dp,14,1438.9753950861,1.0,1,0.03333333333333333,0
20,greedy,14,1438.9753950861,1.0,1,0.5,7
20,dp,14,1487.3797211313,1.0,1,0.03333333333333333,0
20,greedy,14,1487.3797211313,1.0,1,0.5,7
20,dp,14,1537.412274308,1.0,1,0.03333333333333333,0
20,greedy,14,1537.412274308,1.0,1,0.5,7
20,dp,14,1589.1278250016,1.0,1,0.03333333333333333,0
20,greedy,14,1589.1278250016,1.0,1,0.5,7
20,dp,14,1642.5829859665,1.0,1,0.03333333333333333,0
20,greedy,14,1642.5829859665,1.0,1,0.5,7
20,dp,14,1697.8362742996,1.0,1,0.03333333333333333,0
20,greedy,14,1697.8362742996,1.0,1,0.5,7
20,dp,14,1754.948175499,1.0,1,0.03333333333333333,0
20,greedy,14,1754.948175499,1.0,1,0.5,7
20,dp,14,1813.9812096768,1.0,1,0.03333333333333333,0
20,greedy,14,1813.9812096768,1.0,1,0.5,7
20,dp,14,1875.0,1.0,1,0.03333333333333333,0
20,greedy,14,1875.0,1.0,1,0.5,7
20,dp,15,0.0,0.0,0,0.03333333333333333,0
20,greedy,15,0.0,0.0,0,0.5,7
20,dp,15,33.3333333333,0.0,0,0.9666666666666667,14
20,greedy,15,33.3333333333,0.0,0,0.5,7
20,dp,15,66.6666666667,0.0,0,0.9666666666666667,14
20,greedy,15,66.6666666667,0.0,0,0.5,7
20,dp,15,75.0,0.0,0,0.9666666666666667,14
20,greedy,15,75.0,0.0,0,0.5,7
20,dp,15,100.0,0.0,0,0.9666666666666667,14
20,greedy,15,100.0,0.0,0,0.5,7
20,dp,15,133.3333333333,0.0,0,0.9666666666666667,14
20,greedy,15,133.3333333333,0.0,0,0.5,7
20,dp,15,166.6666666667,0.0,0,0.8333333333333334,12
20,greedy,15,166.6666666667,0.0,0,0.5,7
20,dp,15,200.0,0.0,0,0.36666666666666664,5
20,greedy,15,200.0,0.0,0,0.5,7
20,dp,15,233.3333333333,0.0,0,0.1,1
20,greedy,15,233.3333333333,0.0,0,0.5,7
20,dp,15,266.6666666667,0.0,0,0.03333333333333333,0
20,greedy,15,266.6666666667,0.0,0,0.5,7
20,dp,15,300.0,0.0,0,0.03333333333333333,0
20,greedy,15,300.0,0.0,0,0.5,7
20,dp,15,333.3333333333,0.0,0,0.03333333333333333,0
20,greedy,15,333.3333333333,0.0,0,0.5,7
20,dp,15,366.6666666667,0.0,0,0.03333333333333333,0
20,greedy,15,366.6666666667,0.0,0,0.5,7
20,dp,15,400.0,0.0,0,0.03333333333333333,0
20,greedy,15,400.0,0.0,0,0.5,7
20,dp,15,433.3333333333,0.0,0,0.03333333333333333,0
20,greedy,15,433.3333333333,0.0,0,0.5,7
20,dp,15,466.6666666667,0.0,0,0.03333333333333333,0
20,greedy,15,466.6666666667,0.0,0,0.5,7
20,dp,15,500.0,0.0,0,0.03333333333333333,0
20,greedy,15,500.0,0.0,0,0.5,7
20,dp,15,533.3333333333,0.0,0,0.03333333333333333,0
20,greedy,15,533.3333333333,0.0,0,0.5,7
20,dp,15,566.6666666667,0.0,0,0.03333333333333333,0
20,greedy,15,566.6666666667,0.0,0,0.5,7
20,dp,15,600.0,0.0,0,0.03333333333333333,0
20,greedy,15,600.0,0.0,0,0.5,7
20,dp,15,633.3333333333,0.0,0,0.03333333333333333,0
20,greedy,15,633.3333333333,0.0,0,0.5,7
20,dp,15,666.6666666667,0.0,0,0.03333333333333333,0
20,greedy,15,666.6666666667,0.0,0,0.5,7
20,dp,15,700.0,0.0,0,0.03333333333333333,0
20,greedy,15,700.0,0.0,0,0.5,7
20,dp,15,733.3333333333,0.0,0,0.03333333333333333,0
20,greedy,15,733.3333333333,0.0,0,0.5,7
20,dp,15,766.6666666667,0.0,0,0.03333333333333333,0
20,greedy,15,766.6666666667,0.0,0,0.5,7
20,dp,15,800.0,0.0,0,0.03333333333333333,0
20,greedy,15,800.0,0.0,0,0.5,7
20,dp,15,833.3333333333,0.0,0,0.03333333333333333,0
20,greedy,15,833.3333333333,0.0,0,0.5,7
20,dp,15,866.6666666667,0.0,0,0.03333333333333333,0
20,greedy,15,866.6666666667,0.0,0,0.5,7
20,dp,15,900.0,0.0,0,0.03333333333333333,0
20,greedy,15,900.0,0.0,0,0.5,7
20,dp,15,933.3333333333,0.0,0,0.03333333333333333,0
20,greedy,15,933.3333333333,0.0,0,0.5,7
20,dp,15,966.6666666667,0.0,0,0.03333333333333333,0
20,greedy,15,966.6666666667,0.0,0,0.5,7
20,dp,15,1000.0,0.0,0,0.03333333333333333,0
20,greedy,15,1000.0,0.0,0,0.5,7
20,dp,15,1033.6380498308,0.0,0,0.03333333333333333,0
20,greedy,15,1033.6380498308,0.0,0,0.5,7
20,dp,15,1068.407618058,0.0,0,0.03333333333333333,0
20,greedy,15,1068.407618058,0.0,0,0.5,7
20,dp,15,1104.3467667538,0.0,0,0.03333333333333333,0
20,greedy,15,1104.3467667538,0.0,0,0.5,7
20,dp,15,1141.4948383243,0.0,0,0.03333333333333333,0
20,greedy,15,1141.4948383243,0.0,0,0.5,7
20,dp,15,1179.8924985774,0.0,0,0.03333333333333333,0
20,greedy,15,1179.8924985774,0.0,0,0.5,7
20,dp,15,1219.5817812395,0.0,0,0.03333333333333333,0
20,greedy,15,1219.5817812395,0.0,0,0.5,7
20,dp,15,1260.6061339695,0.0,0,0.03333333333333333,0
20,greedy,15,1260.6061339695,0.0,0,0.5,7
20,dp,15,1303.010465921,0.0,0,0.03333333333333333,0
20,greedy,15,1303.010465921,0.0,0,0.5,7
20,dp,15,1346.8411969036,0.0,0,0.03333333333333333,0
20,greedy,15,1346.8411969036,0.0,0,0.5,7
20,dp,15,1392.1463081992,0.0,0,0.03333333333333333,0
20,greedy,15,1392.1463081992,0.0,0,0.5,7
20,dp,15,1438.9753950861,0.0,0,0.03333333333333333,0
20,greedy,15,1438.9753950861,0.0,0,0.5,7
20,dp,15,1487.3797211313,0.0,0,0.03333333333333333,0
20,greedy,15,1487.3797211313,0.0,0,0.5,7
20,dp,15,1537.412274308,0.0,0,0.03333333333333333,0
20,greedy,15,1537.412274308,0.0,0,0.5,7
20,dp,15,1589.1278250016,0.0,0,0.03333333333333333,0
20,greedy,15,1589.1278250016,0.0,0,0.5,7
20,dp,15,1642.5829859665,0.0,0,0.03333333333333333,0
20,greedy,15,1642.5829859665,0.0,0,0.5,7
20,dp,15,1697.8362742996,0.0,0,0.03333333333333333,0
20,greedy,15,1697.8362742996,0.0,0,0.5,7
20,dp,15,1754.948175499,0.0,0,0.03333333333333333,0
20,greedy,15,1754.948175499,0.0,0,0.5,7
20,dp,15,1813.9812096768,0.0,0,0.03333333333333333,0
20,greedy,15,1813.9812096768,0.0,0,0.5,7
20,dp,15,1875.0,0.0,0,0.03333333333333333,0
20,greedy,15,1875.0,0.0,0,0.5,7
20,dp,16,0.0,0.0,0,0.03333333333333333,0
20,greedy,16,0.0,0.0,0,0.5,7
20,dp,16,33.3333333333,0.0,0,0.9666666666666667,14
20,greedy,16,33.3333333333,0.0,0,0.5,7
20,dp,16,66.6666666667,0.0,0,0.9666666666666667,14
20,greedy,16,66.6666666667,0.0,0,0.5,7
20,dp,16,75.0,0.0,0,0.9666666666666667,14
20,greedy,16,75.0,1.0,1,0.5,7
20,dp,16,100.0,0.0,0,0.9666666666666667,14
20,greedy,16,100.0,1.0,1,0.5,7
20,dp,16,133.3333333333,1.0,1,0.9666666666666667,14
20,greedy,16,133.3333333333,1.0,1,0.5,7
20,dp,16,166.6666666667,1.0,1,0.9666666666666667,14
20,greedy,16,166.6666666667,1.0,1,0.5,7
20,dp,16,200.0,1.0,1,0.7,10
20,greedy,16,200.0,1.0,1,0.5,7
20,dp,16,233.3333333333,1.0,1,0.1,1
20,greedy,16,233.3333333333,1.0,1,0.5,7
20,dp,16,266.6666666667,1.0,1,0.1,1
20,greedy,16,266.6666666667,1.0,1,0.5,7
20,dp,16,300.0,1.0,1,0.03333333333333333,0
20,greedy,16,300.0,1.0,1,0.5,7
20,dp,16,333.3333333333,1.0,1,0.03333333333333333,0
20,greedy,16,333.3333333333,1.0,1,0.5,7
20,dp,16,366.6666666667,1.0,1,0.03333333333333333,0
20,greedy,16,366.6666666667,1.0,1,0.5,7
20,dp,16,400.0,1.0,1,0.03333333333333333,0
20,greedy,16,400.0,1.0,1,0.5,7
20,dp,16,433.3333333333,1.0,1,0.03333333333333333,0
20,greedy,16,433.3333333333,1.0,1,0.5,7
20,dp,16,466.6666666667,1.0,1,0.03333333333333333,0
20,greedy,16,466.6666666667,1.0,1,0.5,7
20,dp,16,500.0,1.0,1,0.03333333333333333,0
20,greedy,16,500.0,1.0,1,0.5,7
20,dp,16,533.3333333333,1.0,1,0.03333333333333333,0
20,greedy,16,533.3333333333,1.0,1,0.5,7
20,dp,16,566.6666666667,1.0,1,0.03333333333333333,0
20,greedy,16,566.6666666667,1.0,1,0.5,7
20,dp,16,600.0,1.0,1,0.03333333333333333,0
20,greedy,16,600.0,1.0,1,0.5,7
20,dp,16,633.3333333333,1.0,1,0.03333333333333333,0
20,greedy,16,633.3333333333,1.0,1,0.5,7
20,dp,16,666.6666666667,1.0,1,0.03333333333333333,0
20,greedy,16,666.6666666667,1.0,1,0.5,7
20,dp,16,700.0,1.0,1,0.03333333333333333,0
20,greedy,16,700.0,1.0,1,0.5,7
20,dp,16,733.3333333333,1.0,1,0.03333333333333333,0
20,greedy,16,733.3333333333,1.0,1,0.5,7
20,dp,16,766.6666666667,1.0,1,0.03333333333333333,0
20,greedy,16,766.6666666667,1.0,1,0.5,7
20,dp,16,800.0,1.0,1,0.03333333333333333,0
20,greedy,16,800.0,1.0,1,0.5,7
20,dp,16,833.3333333333,1.0,1,0.03333333333333333,0
20,greedy,16,833.3333333333,1.0,1,0.5,7
20,dp,16,866.6666666667,1.0,1,0.03333333333333333,0
20,greedy,16,866.6666666667,1.0,1,0.5,7
20,dp,16,900.0,1.0,1,0.03333333333333333,0
20,greedy,16,900.0,1.0,1,0.5,7
20,dp,16,933.3333333333,1.0,1,0.03333333333333333,0
20,greedy,16,933.3333333333,1.0,1,0.5,7
20,dp,16,966.6666666667,1.0,1,0.03333333333333333,0
20,greedy,16,966.6666666667,1.0,1,0.5,7
20,dp,16,1000.0,1.0,1,0.03333333333333333,0
20,greedy,16,1000.0,1.0,1,0.5,7
20,dp,16,1033.6380498308,1.0,1,0.03333333333333333,0
20,greedy,16,1033.6380498308,1.0,1,0.5,7
20,dp,16,1068.407618058,1.0,1,0.03333333333333333,0
20,greedy,16,1068.407618058,1.0,1,0.5,7
20,dp,16,1104.3467667538,1.0,1,0.03333333333333333,0
20,greedy,16,1104.3467667538,1.0,1,0.5,7
20,dp,16,1141.4948383243,1.0,1,0.03333333333333333,0
20,greedy,16,1141.4948383243,1.0,1,0.5,7
20,dp,16,1179.8924985774,1.0,1,0.03333333333333333,0
20,greedy,16,1179.8924985774,1.0,1,0.5,7
20,dp,16,1219.5817812395,1.0,1,0.03333333333333333,0
20,greedy,16,1219.5817812395,1.0,1,0.5,7
20,dp,16,1260.6061339695,1.0,1,0.03333333333333333,0
20,greedy,16,1260.6061339695,1.0,1,0.5,7
20,dp,16,1303.010465921,1.0,1,0.03333333333333333,0
20,greedy,16,1303.010465921,1.0,1,0.5,7
20,dp,16,1346.8411969036,1.0,1,0.03333333333333333,0
20,greedy,16,1346.8411969036,1.0,1,0.5,7
20,dp,16,1392.1463081992,1.0,1,0.03333333333333333,0
20,greedy,16,1392.1463081992,1.0,1,0.5,7
20,dp,16,1438.9753950861,1.0,1,0.03333333333333333,0
20,greedy,16,1438.9753950861,1.0,1,0.5,7
20,dp,16,1487.3797211313,1.0,1,0.03333333333333333,0
20,greedy,16,1487.3797211313,1.0,1,0.5,7
20,dp,16,1537.412274308,1.0,1,0.03333333333333333,0
20,greedy,16,1537.412274308,1.0,1,0.5,7
20,dp,16,1589.1278250016,1.0,1,0.03333333333333333,0
20,greedy,16,1589.1278250016,1.0,1,0.5,7
20,dp,16,1642.5829859665,1.0,1,0.03333333333333333,0
20,greedy,16,1642.5829859665,1.0,1,0.5,7
20,dp,16,1697.8362742996,1.0,1,0.03333333333333333,0
20,greedy,16,1697.8362742996,1.0,1,0.5,7
20,dp,16,1754.948175499,1.0,1,0.03333333333333333,0
20,greedy,16,1754.948175499,1.0,1,0.5,7
20,dp,16,1813.9812096768,1.0,1,0.03333333333333333,0
20,greedy,16,1813.9812096768,1.0,1,0.5,7
20,dp,16,1875.0,1.0,1,0.03333333333333333,0
20,greedy,16,1875.0,1.0,1,0.5,7
20,dp,17,0.0,0.0,0,0.03333333333333333,0
20,greedy,17,0.0,0.0,0,0.5,7
20,dp,17,33.3333333333,0.0,0,0.9666666666666667,14
20,greedy,17,33.3333333333,0.0,0,0.5,7
20,dp,17,66.6666666667,0.0,0,0.43333333333333335,6
20,greedy,17,66.6666666667,0.0,0,0.5,7
20,dp,17,75.0,0.0,0,0.03333333333333333,0
20,greedy,17,75.0,0.0,0,0.5,7
20,dp,17,100.0,0.0,0,0.9666666666666667,14
20,greedy,17,100.0,0.0,0,0.5,7
20,dp,17,133.3333333333,0.0,0,0.5,7
20,greedy,17,133.3333333333,0.0,0,0.5,7
20,dp,17,166.6666666667,0.0,0,0.03333333333333333,0
20,greedy,17,166.6666666667,0.0,0,0.5,7
20,dp,17,200.0,0.0,0,0.03333333333333333,0
20,greedy,17,200.0,0.0,0,0.5,7
20,dp,17,233.3333333333,0.0,0,0.03333333333333333,0
20,greedy,17,233.3333333333,0.0,0,0.5,7
20,dp,17,266.6666666667,0.0,0,0.03333333333333333,0
20,greedy,17,266.6666666667,0.0,0,0.5,7
20,dp,17,300.0,0.0,0,0.03333333333333333,0
20,greedy,17,300.0,0.0,0,0.5,7
20,dp,17,333.3333333333,0.0,0,0.03333333333333333,0
20,greedy,17,333.3333333333,0.0,0,0.5,7
20,dp,17,366.6666666667,0.0,0,0.03333333333333333,0
20,greedy,17,366.6666666667,0.0,0,0.5,7
20,dp,17,400.0,0.0,0,0.03333333333333333,0
20,greedy,17,400.0,0.0,0,0.5,7
20,dp,17,433.3333333333,0.0,0,0.03333333333333333,0
20,greedy,17,433.3333333333,0.0,0,0.5,7
20,dp,17,466.6666666667,0.0,0,0.03333333333333333,0
20,greedy,17,466.6666666667,0.0,0,0.5,7
20,dp,17,500.0,0.0,0,0.03333333333333333,0
20,greedy,17,500.0,0.0,0,0.5,7
20,dp,17,533.3333333333,0.0,0,0.03333333333333333,0
20,greedy,17,533.3333333333,0.0,0,0.5,7
20,dp,17,566.6666666667,0.0,0,0.03333333333333333,0
20,greedy,17,566.6666666667,0.0,0,0.5,7
20,dp,17,600.0,0.0,0,0.03333333333333333,0
20,greedy,17,600.0,0.0,0,0.5,7
20,dp,17,633.3333333333,0.0,0,0.03333333333333333,0
20,greedy,17,633.3333333333,0.0,0,0.5,7
20,dp,17,666.6666666667,0.0,0,0.03333333333333333,0
20,greedy,17,666.6666666667,0.0,0,0.5,7
20,dp,17,700.0,0.0,0,0.03333333333333333,0
20,greedy,17,700.0,0.0,0,0.5,7
20,dp,17,733.3333333333,0.0,0,0.03333333333333333,0
20,greedy,17,733.3333333333,0.0,0,0.5,7
20,dp,17,766.6666666667,0.0,0,0.03333333333333333,0
20,greedy,17,766.6666666667,0.0,0,0.5,7
20,dp,17,800.0,0.0,0,0.03333333333333333,0
20,greedy,17,800.0,0.0,0,0.5,7
20,dp,17,833.3333333333,0.0,0,0.03333333333333333,0
20,greedy,17,833.3333333333,0.0,0,0.5,7
20,dp,17,866.6666666667,0.0,0,0.03333333333333333,0
20,greedy,17,866.6666666667,0.0,0,0.5,7
20,dp,17,900.0,0.0,0,0.03333333333333333,0
20,greedy,17,900.0,0.0,0,0.5,7
20,dp,17,933.3333333333,0.0,0,0.03333333333333333,0
20,greedy,17,933.3333333333,0.0,0,0.5,7
20,dp,17,966.6666666667,0.0,0,0.03333333333333333,0
20,greedy,17,966.6666666667,0.0,0,0.5,7
20,dp,17,1000.0,0.0,0,0.03333333333333333,0
20,greedy,17,1000.0,0.0,0,0.5,7
20,dp,17,1033.6380498308,0.0,0,0.03333333333333333,0
20,greedy,17,1033.6380498308,0.0,0,0.5,7
20,dp,17,1068.407618058,0.0,0,0.03333333333333333,0
20,greedy,17,1068.407618058,0.0,0,0.5,7
20,dp,17,1104.3467667538,0.0,0,0.03333333333333333,0
20,greedy,17,1104.3467667538,0.0,0,0.5,7
20,dp,17,1141.4948383243,0.0,0,0.03333333333333333,0
20,greedy,17,1141.4948383243,0.0,0,0.5,7
20,dp,17,1179.8924985774,0.0,0,0.03333333333333333,0
20,greedy,17,1179.8924985774,0.0,0,0.5,7
20,dp,17,1219.5817812395,0.0,0,0.03333333333333333,0
20,greedy,17,1219.5817812395,0.0,0,0.5,7
20,dp,17,1260.6061339695,0.0,0,0.03333333333333333,0
20,greedy,17,1260.6061339695,0.0,0,0.5,7
20,dp,17,1303.010465921,0.0,0,0.03333333333333333,0
20,greedy,17,1303.010465921,0.0,0,0.5,7
20,dp,17,1346.8411969036,0.0,0,0.03333333333333333,0
20,greedy,17,1346.8411969036,0.0,0,0.5,7
20,dp,17,1392.1463081992,0.0,0,0.03333333333333333,0
20,greedy,17,1392.1463081992,0.0,0,0.5,7
20,dp,17,1438.9753950861,0.0,0,0.03333333333333333,0
20,greedy,17,1438.9753950861,0.0,0,0.5,7
20,dp,17,1487.3797211313,0.0,0,0.03333333333333333,0
20,greedy,17,1487.3797211313,0.0,0,0.5,7
20,dp,17,1537.412274308,0.0,0,0.03333333333333333,0
20,greedy,17,1537.412274308,0.0,0,0.5,7
20,dp,17,1589.1278250016,0.0,0,0.03333333333333333,0
20,greedy,17,1589.1278250016,0.0,0,0.5,7
20,dp,17,1642.5829859665,0.0,0,0.03333333333333333,0
20,greedy,17,1642.5829859665,0.0,0,0.5,7
20,dp,17,1697.8362742996,0.0,0,0.03333333333333333,0
20,greedy,17,1697.8362742996,0.0,0,0.5,7
20,dp,17,1754.948175499,0.0,0,0.03333333333333333,0
20,greedy,17,1754.948175499,0.0,0,0.5,7
20,dp,17,1813.9812096768,0.0,0,0.03333333333333333,0
20,greedy,17,1813.9812096768,0.0,0,0.5,7
20,dp,17,1875.0,0.0,0,0.03333333333333333,0
20,greedy,17,1875.0,0.0,0,0.5,7
20,dp,18,0.0,0.0,0,0.03333333333333333,0
20,greedy,18,0.0,0.0,0,0.5,7
20,dp,18,33.3333333333,0.0,0,0.9666666666666667,14
20,greedy,18,33.3333333333,0.0,0,0.5,7
20,dp,18,66.6666666667,0.0,0,0.5,7
20,greedy,18,66.6666666667,0.0,0,0.5,7
20,dp,18,75.0,1.0,1,0.03333333333333333,0
20,greedy,18,75.0,1.0,1,0.5,7
20,dp,18,100.0,1.0,1,0.9666666666666667,14
20,greedy,18,100.0,1.0,1,0.5,7
20,dp,18,133.3333333333,1.0,1,0.9666666666666667,14
20,greedy,18,133.3333333333,1.0,1,0.5,7
20,dp,18,166.6666666667,1.0,1,0.23333333333333334,3
20,greedy,18,166.6666666667,1.0,1,0.5,7
20,dp,18,200.0,1.0,1,0.03333333333333333,0
20,greedy,18,200.0,1.0,1,0.5,7
20,dp,18,233.3333333333,1.0,1,0.03333333333333333,0
20,greedy,18,233.3333333333,1.0,1,0.5,7
20,dp,18,266.6666666667,1.0,1,0.03333333333333333,0
20,greedy,18,266.6666666667,1.0,1,0.5,7
20,dp,18,300.0,1.0,1,0.03333333333333333,0
20,greedy,18,300.0,1.0,1,0.5,7
20,dp,18,333.3333333333,1.0,1,0.03333333333333333,0
20,greedy,18,333.3333333333,1.0,1,0.5,7
20,dp,18,366.6666666667,1.0,1,0.03333333333333333,0
20,greedy,18,366.6666666667,1.0,1,0.5,7
20,dp,18,400.0,1.0,1,0.03333333333333333,0
20,greedy,18,400.0,1.0,1,0.5,7
20,dp,18,433.3333333333,1.0,1,0.03333333333333333,0
20,greedy,18,433.3333333333,1.0,1,0.5,7
20,dp,18,466.6666666667,1.0,1,0.03333333333333333,0
20,greedy,18,466.6666666667,1.0,1,0.5,7
20,dp,18,500.0,1.0,1,0.03333333333333333,0
20,greedy,18,500.0,1.0,1,0.5,7
20,dp,18,533.3333333333,1.0,1,0.03333333333333333,0
20,greedy,18,533.3333333333,1.0,1,0.5,7
20,dp,18,566.6666666667,1.0,1,0.03333333333333333,0
20,greedy,18,566.6666666667,1.0,1,0.5,7
20,dp,18,600.0,1.0,1,0.03333333333333333,0
20,greedy,18,600.0,1.0,1,0.5,7
20,dp,18,633.3333333333,1.0,1,0.03333333333333333,0
20,greedy,18,633.3333333333,1.0,1,0.5,7
20,dp,18,666.6666666667,1.0,1,0.03333333333333333,0
20,greedy,18,666.6666666667,1.0,1,0.5,7
20,dp,18,700.0,1.0,1,0.03333333333333333,0
20,greedy,18,700.0,1.0,1,0.5,7
20,dp,18,733.3333333333,1.0,1,0.03333333333333333,0
20,greedy,18,733.3333333333,1.0,1,0.5,7
20,dp,18,766.6666666667,1.0,1,0.03333333333333333,0
20,greedy,18,766.6666666667,1.0,1,0.5,7
20,dp,18,800.0,1.0,1,0.03333333333333333,0
20,greedy,18,800.0,1.0,1,0.5,7
20,dp,18,833.3333333333,1.0,1,0.03333333333333333,0
20,greedy,18,833.3333333333,1.0,1,0.5,7
20,dp,18,866.6666666667,1.0,1,0.03333333333333333,0
20,greedy,18,866.6666666667,1.0,1,0.5,7
20,dp,18,900.0,1.0,1,0.03333333333333333,0
20,greedy,18,900.0,1.0,1,0.5,7
20,dp,18,933.3333333333,1.0,1,0.03333333333333333,0
20,greedy,18,933.3333333333,1.0,1,0.5,7
20,dp,18,966.6666666667,1.0,1,0.03333333333333333,0
20,greedy,18,966.6666666667,1.0,1,0.5,7
20,dp,18,1000.0,1.0,1,0.03333333333333333,0
20,greedy,18,1000.0,1.0,1,0.5,7
20,dp,18,1033.6380498308,1.0,1,0.03333333333333333,0
20,greedy,18,1033.6380498308,1.0,1,0.5,7
20,dp,18,1068.407618058,1.0,1,0.03333333333333333,0
20,greedy,18,1068.407618058,1.0,1,0.5,7
20,dp,18,1104.3467667538,1.0,1,0.03333333333333333,0
20,greedy,18,1104.3467667538,1.0,1,0.5,7
20,dp,18,1141.4948383243,1.0,1,0.03333333333333333,0
20,greedy,18,1141.4948383243,1.0,1,0.5,7
20,dp,18,1179.8924985774,1.0,1,0.03333333333333333,0
20,greedy,18,1179.8924985774,1.0,1,0.5,7
20,dp,18,1219.5817812395,1.0,1,0.03333333333333333,0
20,greedy,18,1219.5817812395,1.0,1,0.5,7
20,dp,18,1260.6061339695,1.0,1,0.03333333333333333,0
20,greedy,18,1260.6061339695,1.0,1,0.5,7
20,dp,18,1303.010465921,1.0,1,0.03333333333333333,0
20,greedy,18,1303.010465921,1.0,1,0.5,7
20,dp,18,1346.8411969036,1.0,1,0.03333333333333333,0
20,greedy,18,1346.8411969036,1.0,1,0.5,7
20,dp,18,1392.1463081992,1.0,1,0.03333333333333333,0
20,greedy,18,1392.1463081992,1.0,1,0.5,7
20,dp,18,1438.9753950861,1.0,1,0.03333333333333333,0
20,greedy,18,1438.9753950861,1.0,1,0.5,7
20,dp,18,1487.3797211313,1.0,1,0.03333333333333333,0
20,greedy,18,1487.3797211313,1.0,1,0.5,7
20,dp,18,1537.412274308,1.0,1,0.03333333333333333,0
20,greedy,18,1537.412274308,1.0,1,0.5,7
20,dp,18,1589.1278250016,1.0,1,0.03333333333333333,0
20,greedy,18,1589.1278250016,1.0,1,0.5,7
20,dp,18,1642.5829859665,1.0,1,0.03333333333333333,0
20,greedy,18,1642.5829859665,1.0,1,0.5,7
20,dp,18,1697.8362742996,1.0,1,0.03333333333333333,0
20,greedy,18,1697.8362742996,1.0,1,0.5,7
20,dp,18,1754.948175499,1.0,1,0.03333333333333333,0
20,greedy,18,1754.948175499,1.0,1,0.5,7
20,dp,18,1813.9812096768,1.0,1,0.03333333333333333,0
20,greedy,18,1813.9812096768,1.0,1,0.5,7
20,dp,18,1875.0,1.0,1,0.03333333333333333,0
20,greedy,18,1875.0,1.0,1,0.5,7
20,dp,19,0.0,0.0,0,0.03333333333333333,0
20,greedy,19,0.0,0.0,0,0.5,7
20,dp,19,33.3333333333,0.0,0,0.03333333333333333,0
20,greedy,19,33.3333333333,0.0,0,0.5,7
20,dp,19,66.6666666667,0.0,0,0.9666666666666667,14
20,greedy,19,66.6666666667,0.0,0,0.5,7
20,dp,19,75.0,0.0,0,0.03333333333333333,0
20,greedy,19,75.0,0.0,0,0.5,7
20,dp,19,100.0,0.0,0,0.03333333333333333,0
20,greedy,19,100.0,0.0,0,0.5,7
20,dp,19,133.3333333333,0.0,0,0.03333333333333333,0
20,greedy,19,133.3333333333,0.0,0,0.5,7
20,dp,19,166.6666666667,0.0,0,0.03333333333333333,0
20,greedy,19,166.6666666667,0.0,0,0.5,7
20,dp,19,200.0,0.0,0,0.03333333333333333,0
20,greedy,19,200.0,0.0,0,0.5,7
20,dp,19,233.3333333333,0.0,0,0.03333333333333333,0
20,greedy,19,233.3333333333,0.0,0,0.5,7
20,dp,19,266.6666666667,0.0,0,0.03333333333333333,0
20,greedy,19,266.6666666667,0.0,0,0.5,7
20,dp,19,300.0,0.0,0,0.03333333333333333,0
20,greedy,19,300.0,0.0,0,0.5,7
20,dp,19,333.3333333333,0.0,0,0.03333333333333333,0
20,greedy,19,333.3333333333,0.0,0,0.5,7
20,dp,19,366.6666666667,0.0,0,0.03333333333333333,0
20,greedy,19,366.6666666667,0.0,0,0.5,7
20,dp,19,400.0,0.0,0,0.03333333333333333,0
20,greedy,19,400.0,0.0,0,0.5,7
20,dp,19,433.3333333333,0.0,0,0.03333333333333333,0
20,greedy,19,433.3333333333,0.0,0,0.5,7
20,dp,19,466.6666666667,0.0,0,0.03333333333333333,0
20,greedy,19,466.6666666667,0.0,0,0.5,7
20,dp,19,500.0,0.0,0,0.03333333333333333,0
20,greedy,19,500.0,0.0,0,0.5,7
20,dp,19,533.3333333333,0.0,0,0.03333333333333333,0
20,greedy,19,533.3333333333,0.0,0,0.5,7
20,dp,19,566.6666666667,0.0,0,0.03333333333333333,0
20,greedy,19,566.6666666667,0.0,0,0.5,7
20,dp,19,600.0,0.0,0,0.03333333333333333,0
20,greedy,19,600.0,0.0,0,0.5,7
20,dp,19,633.3333333333,0.0,0,0.03333333333333333,0
20,greedy,19,633.3333333333,0.0,0,0.5,7
20,dp,19,666.6666666667,0.0,0,0.03333333333333333,0
20,greedy,19,666.6666666667,0.0,0,0.5,7
20,dp,19,700.0,0.0,0,0.03333333333333333,0
20,greedy,19,700.0,0.0,0,0.5,7
20,dp,19,733.3333333333,0.0,0,0.03333333333333333,0
20,greedy,19,733.3333333333,0.0,0,0.5,7
20,dp,19,766.6666666667,0.0,0,0.03333333333333333,0
20,greedy,19,766.6666666667,0.0,0,0.5,7
20,dp,19,800.0,0.0,0,0.03333333333333333,0
20,greedy,19,800.0,0.0,0,0.5,7
20,dp,19,833.3333333333,0.0,0,0.03333333333333333,0
20,greedy,19,833.3333333333,0.0,0,0.5,7
20,dp,19,866.6666666667,0.0,0,0.03333333333333333,0
20,greedy,19,866.6666666667,0.0,0,0.5,7
20,dp,19,900.0,0.0,0,0.03333333333333333,0
20,greedy,19,900.0,0.0,0,0.5,7
20,dp,19,933.3333333333,0.0,0,0.03333333333333333,0
20,greedy,19,933.3333333333,0.0,0,0.5,7
20,dp,19,966.6666666667,0.0,0,0.03333333333333333,0
20,greedy,19,966.6666666667,0.0,0,0.5,7
20,dp,19,1000.0,0.0,0,0.03333333333333333,0
20,greedy,19,1000.0,0.0,0,0.5,7
20,dp,19,1033.6380498308,0.0,0,0.03333333333333333,0
20,greedy,19,1033.6380498308,0.0,0,0.5,7
20,dp,19,1068.407618058,0.0,0,0.03333333333333333,0
20,greedy,19,1068.407618058,0.0,0,0.5,7
20,dp,19,1104.3467667538,0.0,0,0.03333333333333333,0
20,greedy,19,1104.3467667538,0.0,0,0.5,7
20,dp,19,1141.4948383243,0.0,0,0.03333333333333333,0
20,greedy,19,1141.4948383243,0.0,0,0.5,7
20,dp,19,1179.8924985774,0.0,0,0.03333333333333333,0
20,greedy,19,1179.8924985774,0.0,0,0.5,7
20,dp,19,1219.5817812395,0.0,0,0.03333333333333333,0
20,greedy,19,1219.5817812395,0.0,0,0.5,7
20,dp,19,1260.6061339695,0.0,0,0.03333333333333333,0
20,greedy,19,1260.6061339695,0.0,0,0.5,7
20,dp,19,1303.010465921,0.0,0,0.03333333333333333,0
20,greedy,19,1303.010465921,0.0,0,0.5,7
20,dp,19,1346.8411969036,0.0,0,0.03333333333333333,0
20,greedy,19,1346.8411969036,0.0,0,0.5,7
20,dp,19,1392.1463081992,0.0,0,0.03333333333333333,0
20,greedy,19,1392.1463081992,0.0,0,0.5,7
20,dp,19,1438.9753950861,0.0,0,0.03333333333333333,0
20,greedy,19,1438.9753950861,0.0,0,0.5,7
20,dp,19,1487.3797211313,0.0,0,0.03333333333333333,0
20,greedy,19,1487.3797211313,0.0,0,0.5,7
20,dp,19,1537.412274308,0.0,0,0.03333333333333333,0
20,greedy,19,1537.412274308,0.0,0,0.5,7
20,dp,19,1589.1278250016,0.0,0,0.03333333333333333,0
20,greedy,19,1589.1278250016,0.0,0,0.5,7
20,dp,19,1642.5829859665,0.0,0,0.03333333333333333,0
20,greedy,19,1642.5829859665,0.0,0,0.5,7
20,dp,19,1697.8362742996,0.0,0,0.03333333333333333,0
20,greedy,19,1697.8362742996,0.0,0,0.5,7
20,dp,19,1754.948175499,0.0,0,0.03333333333333333,0
20,greedy,19,1754.948175499,0.0,0,0.5,7
20,dp,19,1813.9812096768,0.0,0,0.03333333333333333,0
20,greedy,19,1813.9812096768,0.0,0,0.5,7
20,dp,19,1875.0,0.0,0,0.03333333333333333,0
20,greedy,19,1875.0,0.0,0,0.5,7
20,dp,20,0.0,0.0,0,0.03333333333333333,0
20,greedy,20,0.0,0.0,0,0.5,7
20,dp,20,33.3333333333,0.0,0,0.03333333333333333,0
20,greedy,20,33.3333333333,0.0,0,0.5,7
20,dp,20,66.6666666667,0.0,0,0.03333333333333333,0
20,greedy,20,66.6666666667,0.0,0,0.5,7
20,dp,20,75.0,1.0,1,0.03333333333333333,0
20,greedy,20,75.0,1.0,1,0.5,7
20,dp,20,100.0,1.0,1,0.03333333333333333,0
20,greedy,20,100.0,1.0,1,0.5,7
20,dp,20,133.3333333333,1.0,1,0.03333333333333333,0
20,greedy,20,133.3333333333,1.0,1,0.5,7
20,dp,20,166.6666666667,1.0,1,0.03333333333333333,0
20,greedy,20,166.6666666667,1.0,1,0.5,7
20,dp,20,200.0,1.0,1,0.03333333333333333,0
20,greedy,20,200.0,1.0,1,0.5,7
20,dp,20,233.3333333333,1.0,1,0.03333333333333333,0
20,greedy,20,233.3333333333,1.0,1,0.5,7
20,dp,20,266.6666666667,1.0,1,0.03333333333333333,0
20,greedy,20,266.6666666667,1.0,1,0.5,7
20,dp,20,300.0,1.0,1,0.03333333333333333,0
20,greedy,20,300.0,1.0,1,0.5,7
20,dp,20,333.3333333333,1.0,1,0.03333333333333333,0
20,greedy,20,333.3333333333,1.0,1,0.5,7
20,dp,20,366.6666666667,1.0,1,0.03333333333333333,0
20,greedy,20,366.6666666667,1.0,1,0.5,7
20,dp,20,400.0,1.0,1,0.03333333333333333,0
20,greedy,20,400.0,1.0,1,0.5,7
20,dp,20,433.3333333333,1.0,1,0.03333333333333333,0
20,greedy,20,433.3333333333,1.0,1,0.5,7
20,dp,20,466.6666666667,1.0,1,0.03333333333333333,0
20,greedy,20,466.6666666667,1.0,1,0.5,7
20,dp,20,500.0,1.0,1,0.03333333333333333,0
20,greedy,20,500.0,1.0,1,0.5,7
20,dp,20,533.3333333333,1.0,1,0.03333333333333333,0
20,greedy,20,533.3333333333,1.0,1,0.5,7
20,dp,20,566.6666666667,1.0,1,0.03333333333333333,0
20,greedy,20,566.6666666667,1.0,1,0.5,7
20,dp,20,600.0,1.0,1,0.03333333333333333,0
20,greedy,20,600.0,1.0,1,0.5,7
20,dp,20,633.3333333333,1.0,1,0.03333333333333333,0
20,greedy,20,633.3333333333,1.0,1,0.5,7
20,dp,20,666.6666666667,1.0,1,0.03333333333333333,0
20,greedy,20,666.6666666667,1.0,1,0.5,7
20,dp,20,700.0,1.0,1,0.03333333333333333,0
20,greedy,20,700.0,1.0,1,0.5,7
20,dp,20,733.3333333333,1.0,1,0.03333333333333333,0
20,greedy,20,733.3333333333,1.0,1,0.5,7
20,dp,20,766.6666666667,1.0,1,0.03333333333333333,0
20,greedy,20,766.6666666667,1.0,1,0.5,7
20,dp,20,800.0,1.0,1,0.03333333333333333,0
20,greedy,20,800.0,1.0,1,0.5,7
20,dp,20,833.3333333333,1.0,1,0.03333333333333333,0
20,greedy,20,833.3333333333,1.0,1,0.5,7
20,dp,20,866.6666666667,1.0,1,0.03333333333333333,0
20,greedy,20,866.6666666667,1.0,1,0.5,7
20,dp,20,900.0,1.0,1,0.03333333333333333,0
20,greedy,20,900.0,1.0,1,0.5,7
20,dp,20,933.3333333333,1.0,1,0.03333333333333333,0
20,greedy,20,933.3333333333,1.0,1,0.5,7
20,dp,20,966.6666666667,1.0,1,0.03333333333333333,0
20,greedy,20,966.6666666667,1.0,1,0.5,7
20,dp,20,1000.0,1.0,1,0.03333333333333333,0
20,greedy,20,1000.0,1.0,1,0.5,7
20,dp,20,1033.6380498308,1.0,1,0.03333333333333333,0
20,greedy,20,1033.6380498308,1.0,1,0.5,7
20,dp,20,1068.407618058,1.0,1,0.03333333333333333,0
20,greedy,20,1068.407618058,1.0,1,0.5,7
20,dp,20,1104.3467667538,1.0,1,0.03333333333333333,0
20,greedy,20,1104.3467667538,1.0,1,0.5,7
20,dp,20,1141.4948383243,1.0,1,0.03333333333333333,0
20,greedy,20,1141.4948383243,1.0,1,0.5,7
20,dp,20,1179.8924985774,1.0,1,0.03333333333333333,0
20,greedy,20,1179.8924985774,1.0,1,0.5,7
20,dp,20,1219.5817812395,1.0,1,0.03333333333333333,0
20,greedy,20,1219.5817812395,1.0,1,0.5,7
20,dp,20,1260.6061339695,1.0,1,0.03333333333333333,0
20,greedy,20,1260.6061339695,1.0,1,0.5,7
20,dp,20,1303.010465921,1.0,1,0.03333333333333333,0
20,greedy,20,1303.010465921,1.0,1,0.5,7
20,dp,20,1346.8411969036,1.0,1,0.03333333333333333,0
20,greedy,20,1346.8411969036,1.0,1,0.5,7
20,dp,20,1392.1463081992,1.0,1,0.03333333333333333,0
20,greedy,20,1392.1463081992,1.0,1,0.5,7
20,dp,20,1438.9753950861,1.0,1,0.03333333333333333,0
20,greedy,20,1438.9753950861,1.0,1,0.5,7
20,dp,20,1487.3797211313,1.0,1,0.03333333333333333,0
20,greedy,20,1487.3797211313,1.0,1,0.5,7
20,dp,20,1537.412274308,1.0,1,0.03333333333333333,0
20,greedy,20,1537.412274308,1.0,1,0.5,7
20,dp,20,1589.1278250016,1.0,1,0.03333333333333333,0
20,greedy,20,1589.1278250016,1.0,1,0.5,7
20,dp,20,1642.5829859665,1.0,1,0.03333333333333333,0
20,greedy,20,1642.5829859665,1.0,1,0.5,7
20,dp,20,1697.8362742996,1.0,1,0.03333333333333333,0
20,greedy,20,1697.8362742996,1.0,1,0.5,7
20,dp,20,1754.948175499,1.0,1,0.03333333333333333,0
20,greedy,20,1754.948175499,1.0,1,0.5,7
20,dp,20,1813.9812096768,1.0,1,0.03333333333333333,0
20,greedy,20,1813.9812096768,1.0,1,0.5,7
20,dp,20,1875.0,1.0,1,0.03333333333333333,0
20,greedy,20,1875.0,1.0,1,0.5,7
